Workbook

Sheet Sheet1
A1: Patient Transportation
A2: Tampa Florida Hospital
E4: Week 1 | L4: Week 2
A6: Duty | B6: Shift | C6: Name | D6: Hrs | E6: S | F6: M | G6: T | H6: W | I6: T | J6: F | K6: S | L6: S | M6: M | N6: T | O6: W | P6: T | Q6: F | R6: S
A7: Pool | B7: 7:00am-3:30pm | C7: Sheral Jones | D7: 40 | F7: 8 | G7: 8 | H7: 8 | I7: 8 | J7: 8 | M7: 8 | N7: 8 | O7: 8 | P7: 8 | Q7: 8
A8: Pool | B8: 7:00am-3:30pm | C8: William Laman | D8: 40 | F8: 8 | G8: 8 | H8: 8 | I8: 8 | J8: 8 | M8: 8 | N8: 8 | O8: 8 | P8: 8 | Q8: 8
A9: Pool | B9: 7:00am-3:30pm | C9: Nilda Milan | D9: 40 | F9: 8 | G9: 8 | H9: 8 | I9: 8 | J9: 8 | M9: 8 | N9: 8 | O9: 8 | P9: 8 | Q9: 8
A10: Pool | B10: 7:00am-3:30pm | C10: Sadie Wentworth | D10: 40 | F10: 8 | G10: 8 | H10: 8 | I10: 8 | J10: 8 | M10: 8 | N10: 8 | O10: 8 | P10: 8 | Q10: 8
A11: Pool | B11: 7:00am-3:30pm | C11: Deidra Hopkins | D11: 40 | F11: 8 | G11: 8 | H11: 8 | I11: 8 | K11: 8 | L11: 8 | N11: 8 | O11: 8 | P11: 8 | Q11: 8
A12: Pool | B12: 7:00am-3:30pm | C12: Kyra Thompson | D12: 40 | E12: 8 | G12: 8 | H12: 8 | I12: 8 | J12: 8 | M12: 8 | N12: 8 | O12: 8 | P12: 8 | R12: 8
A13: Pool | B13: 7:00am-3:30pm | C13: Mario Dunbar | D13: 40 | E13: 8 | F13: 8 | H13: 8 | I13: 8 | J13: 8 | M13: 8 | N13: 8 | O13: 8 | Q13: 8 | R13: 8
A14: Pool | B14: 7:00am-3:30pm | C14: Michelle Mongerard | D14: 40 | F14: 8 | G14: 8 | H14: 8 | J14: 8 | K14: 8 | L14: 8 | M14: 8 | N14: 8 | P14: 8 | Q14: 8
A15: Pool | B15: 7:00am-3:30pm | C15: Larryza Askew | D15: 40 | F15: 8 | G15: 8 | I15: 8 | J15: 8 | K15: 8 | L15: 8 | M15: 8 | O15: 8 | P15: 8 | Q15: 8
A16: Pool | B16: 7:00am-3:30pm | C16: Alisha Reyes | D16: 40 | G16: 8 | H16: 8 | I16: 8 | N16: 8 | O16: 8 | P16: 8
C17: Staff at 7:00am | F17: =COUNT(F7:F16) -> 8 | G17: =COUNT(G7:G16) -> 9 | H17: =COUNT(H7:H16) -> 9 | I17: =COUNT(I7:I16) -> 9 | J17: =COUNT(J7:J16) -> 8 | M17: =COUNT(M7:M16) -> 8 | N17: =COUNT(N7:N16) -> 9 | O17: =COUNT(O7:O16) -> 9 | P17: =COUNT(P7:P16) -> 9 | Q17: =COUNT(Q7:Q16) -> 8
A18: Pool | B18: 8:00am-4:30pm | C18: Michael Correa | D18: 24 | G18: 8 | I18: 8 | K18: 8 | L18: 8 | N18: 8 | P18: 8
A19: Pool | B19: 8:00am-4:30pm | C19: OPEN | D19: 32 | E19: 8 | F19: 8 | H19: 8 | J19: 8 | M19: 8 | O19: 8 | Q19: 8 | R19: 8
C20: Staff at 8:00am | F20: =COUNT(F7:F16,F18:F19) -> 9 | G20: =COUNT(G7:G16,G18:G19) -> 10 | H20: =COUNT(H7:H16,H18:H19) -> 10 | I20: =COUNT(I7:I16,I18:I19) -> 10 | J20: =COUNT(J7:J16,J18:J19) -> 9 | M20: =COUNT(M7:M16,M18:M19) -> 9 | N20: =COUNT(N7:N16,N18:N19) -> 10 | O20: =COUNT(O7:O16,O18:O19) -> 10 | P20: =COUNT(P7:P16,P18:P19) -> 10 | Q20: =COUNT(Q7:Q16,Q18:Q19) -> 9
A21: Pool | B21: 9:00am-5:30pm | C21: Aline Louis | D21: 32 | E21: 8 | F21: 8 | H21: 8 | J21: 8 | M21: 8 | O21: 8 | Q21: 8 | R21: 8
A22: Pool | B22: 9:00am-5:30pm | C22: Stephanie Millien | D22: 40 | F22: 8 | G22: 8 | I22: 8 | J22: 8 | K22: 8 | L22: 8 | N22: 8 | O22: 8 | P22: 8 | Q22: 8
C23: Staff at 9:00am | F23: =COUNT(F7:F16,F18:F19,F21:F22) -> 11 | G23: =COUNT(G7:G16,G18:G19,G21:G22) -> 11 | H23: =COUNT(H7:H16,H18:H19,H21:H22) -> 11 | I23: =COUNT(I7:I16,I18:I19,I21:I22) -> 11 | J23: =COUNT(J7:J16,J18:J19,J21:J22) -> 11 | M23: =COUNT(M7:M16,M18:M19,M21:M22) -> 10 | N23: =COUNT(N7:N16,N18:N19,N21:N22) -> 11 | O23: =COUNT(O7:O16,O18:O19,O21:O22) -> 12 | P23: =COUNT(P7:P16,P18:P19,P21:P22) -> 11 | Q23: =COUNT(Q7:Q16,Q18:Q19,Q21:Q22) -> 11
A24: Pool | B24: 11:00am-7:30pm | C24: Wesley Bullock | D24: 80 | E24: 8 | G24: 8 | H24: 8 | I24: 8 | J24: 8 | M24: 8 | N24: 8 | O24: 8 | P24: 8 | R24: 8
A25: Pool | B25: 11:00am-7:30pm | C25: Alyssa Heslin | D25: 80 | F25: 8 | G25: 8 | H25: 8 | J25: 8 | K25: 8 | L25: 8 | N25: 8 | O25: 8 | P25: 8 | Q25: 8
A26: Pool | B26: 11:00am-7:30pm | C26: Ashley Stanley | D26: 24 | F26: 8 | I26: 8 | K26: 8 | L26: 8 | M26: 8 | Q26: 8
C27: Staff at 11:00am | F27: =COUNT(F7:F16,F18:F19,F21:F22,F24:F26) -> 13 | G27: =COUNT(G7:G16,G18:G19,G21:G22,G24:G26) -> 13 | H27: =COUNT(H7:H16,H18:H19,H21:H22,H24:H26) -> 13 | I27: =COUNT(I7:I16,I18:I19,I21:I22,I24:I26) -> 13 | J27: =COUNT(J7:J16,J18:J19,J21:J22,J24:J26) -> 13 | M27: =COUNT(M7:M16,M18:M19,M21:M22,M24:M26) -> 12 | N27: =COUNT(N7:N16,N18:N19,N21:N22,N24:N26) -> 13 | O27: =COUNT(O7:O16,O18:O19,O21:O22,O24:O26) -> 14 | P27: =COUNT(P7:P16,P18:P19,P21:P22,P24:P26) -> 13 | Q27: =COUNT(Q7:Q16,Q18:Q19,Q21:Q22,Q24:Q26) -> 13
A28: Pool | B28: 1:30pm-10:00pm | C28: Jeanty Demas | D28: 40 | E28: 8 | G28: 8 | H28: 8 | I28: 8 | J28: 8 | M28: 8 | N28: 8 | O28: 8 | P28: 8 | R28: 8
A29: Pool | B29: 1:30pm-10:00pm | C29: OPEN | D29: 32 | E29: 8 | H29: 8 | I29: 8 | J29: 8 | M29: 8 | N29: 8 | Q29: 8 | R29: 8
A30: Pool | B30: 1:30pm-10:00pm | C30: Michee Louissanint | D30: 32 | F30: 8 | G30: 8 | I30: 8 | K30: 8 | L30: 8 | M30: 8 | O30: 8 | Q30: 8
A31: Pool | B31: 1:30pm-10:00pm | C31: Cody Nall | D31: 16 | E31: 8 | K31: 8 | L31: 8 | R31: 8
A32: Pool | B32: 1:30pm-10:00pm | C32: Antonio Reyes | D32: 16 | E32: 8 | K32: 8 | L32: 8 | R32: 8
C33: Staff at 1:30pm | F33: =COUNT(F7:F16,F18:F19,F21:F22,F24:F26,F28:F32) -> 14 | G33: =COUNT(G7:G16,G18:G19,G21:G22,G24:G26,G28:G32) -> 15 | H33: =COUNT(H7:H16,H18:H19,H21:H22,H24:H26,H28:H32) -> 15 | I33: =COUNT(I7:I16,I18:I19,I21:I22,I24:I26,I28:I32) -> 16 | J33: =COUNT(J7:J16,J18:J19,J21:J22,J24:J26,J28:J32) -> 15 | M33: =COUNT(M7:M16,M18:M19,M21:M22,M24:M26,M28:M32) -> 15 | N33: =COUNT(N7:N16,N18:N19,N21:N22,N24:N26,N28:N32) -> 15 | O33: =COUNT(O7:O16,O18:O19,O21:O22,O24:O26,O28:O32) -> 16 | P33: =COUNT(P7:P16,P18:P19,P21:P22,P24:P26,P28:P32) -> 14 | Q33: =COUNT(Q7:Q16,Q18:Q19,Q21:Q22,Q24:Q26,Q28:Q32) -> 15
A34: Pool | B34: 3:00pm-9:00pm | C34: Jeffery Ambriose | D34: 26 | E34: 8 | F34: 6 | G34: 6 | I34: 6 | M34: 6 | N34: 6 | P34: 6 | R34: 8
A35: Pool | B35: 3:00pm-9:00pm | C35: Anthony Miller | D35: 26 | F35: 6 | H35: 6 | J35: 6 | K35: 8 | L35: 8 | N35: 6 | O35: 6 | Q35: 6
A36: Pool | B36: 3:00pm-9:00pm | C36: Erick Polanco | D36: 28 | E36: 8 | F36: 6 | H36: 6 | K36: 8 | L36: 8 | M36: 6 | O36: 6 | R36: 8
A37: Pool | B37: 3:30pm-12:00am | C37: OPEN | D37: 32 | E37: 8 | G37: 8 | I37: 8 | J37: 8 | M37: 8 | P37: 8 | Q37: 8 | R37: 8
A38: Pool | B38: 3:30pm-12:00am | C38: Homero Saenz | D38: 40 | F38: 8 | G38: 8 | H38: 8 | J38: 8 | K38: 8 | L38: 8 | N38: 8 | O38: 8 | P38: 8 | Q38: 8
C39: Staff at 3:30pm | F39: =COUNT(F18:F19,F21:F22,F24:F26,F28:F32,F34:F38) -> 10 | G39: =COUNT(G18:G19,G21:G22,G24:G26,G28:G32,G34:G38) -> 9 | H39: =COUNT(H18:H19,H21:H22,H24:H26,H28:H32,H34:H38) -> 9 | I39: =COUNT(I18:I19,I21:I22,I24:I26,I28:I32,I34:I38) -> 9 | J39: =COUNT(J18:J19,J21:J22,J24:J26,J28:J32,J34:J38) -> 10 | M39: =COUNT(M18:M19,M21:M22,M24:M26,M28:M32,M34:M38) -> 10 | N39: =COUNT(N18:N19,N21:N22,N24:N26,N28:N32,N34:N38) -> 9 | O39: =COUNT(O18:O19,O21:O22,O24:O26,O28:O32,O34:O38) -> 10 | P39: =COUNT(P18:P19,P21:P22,P24:P26,P28:P32,P34:P38) -> 8 | Q39: =COUNT(Q18:Q19,Q21:Q22,Q24:Q26,Q28:Q32,Q34:Q38) -> 10
A40: Pool | B40: 5:00pm-10:00pm | C40: Anthena Sparks | D40: 23 | E40: 8 | G40: 5 | I40: 5 | J40: 5 | N40: 5 | P40: 5 | Q40: 5 | R40: 8
A41: Pool | B41: 5:00pm-10:00pm | C41: Deion Vazquez | D41: 23 | F41: 5 | H41: 5 | J41: 5 | K41: 8 | L41: 8 | M41: 5 | O41: 5 | Q41: 5
C42: Staff at 5:30pm | F42: =COUNT(F24:F26,F28:F32,F34:F38,F40:F41) -> 8 | G42: =COUNT(G24:G26,G28:G32,G34:G38,G40:G41) -> 8 | H42: =COUNT(H24:H26,H28:H32,H34:H38,H40:H41) -> 8 | I42: =COUNT(I24:I26,I28:I32,I34:I38,I40:I41) -> 8 | J42: =COUNT(J24:J26,J28:J32,J34:J38,J40:J41) -> 9 | M42: =COUNT(M24:M26,M28:M32,M34:M38,M40:M41) -> 9 | N42: =COUNT(N24:N26,N28:N32,N34:N38,N40:N41) -> 8 | O42: =COUNT(O24:O26,O28:O32,O34:O38,O40:O41) -> 8 | P42: =COUNT(P24:P26,P28:P32,P34:P38,P40:P41) -> 7 | Q42: =COUNT(Q24:Q26,Q28:Q32,Q34:Q38,Q40:Q41) -> 9
A43: Emergency | B43: 6:30am-3:00pm | C43: Valerie Anderson | D43: 80 | F43: 8 | G43: 8 | H43: 8 | I43: 8 | J43: 8 | M43: 8 | N43: 8 | O43: 8 | P43: 8 | Q43: 8
A44: Emergency | B44: 8:00am-4:30pm | C44: Moshe Rojas | D44: 32 | F44: 8 | H44: 8 | J44: 8 | K44: 8 | L44: 8 | M44: 8 | O44: 8 | Q44: 8
A45: Emergency | B45: 8:00am-4:30pm | C45: OPEN | D45: 24 | G45: 8 | I45: 8 | K45: 8 | N45: 8 | P45: 8 | R45: 8
A46: Emergency | B46: 3:00pm-11:30pm | C46: Claude Pierre-Charles | D46: 32 | E46: 8 | G46: 8 | H46: 8 | I46: 8 | L46: 8 | N46: 8 | O46: 8 | P46: 8
A47: Emergency | B47: 3:00pm-11:30pm | C47: Fernando Juarbe | D47: 40 | E47: 8 | F47: 8 | G47: 8 | H47: 8 | J47: 8 | M47: 8 | O47: 8 | P47: 8 | Q47: 8 | R47: 8
A48: Emergency | B48: 4:30pm-11:30pm | C48: Danielle Collins | D48: 32 | E48: 8 | F48: 8 | G48: 8 | H48: 8 | M48: 8 | N48: 8 | O48: 8 | R48: 8
A49: Emergency | B49: 4:30pm-11:30pm | C49: Veronica Brown | D49: 32 | E49: 8 | I49: 8 | J49: 8 | K49: 8 | L49: 8 | P49: 8 | Q49: 8 | R49: 8
A50: Emergency | B50: 6:30pm-11:30pm | C50: Edson Hernandez | D50: 23 | F50: 5 | H50: 5 | J50: 5 | K50: 8 | L50: 8 | M50: 5 | O50: 5 | Q50: 5
A51: Emergency | B51: 7:00pm-3:30am | C51: Erica Cepeda | D51: 40 | F51: 8 | G51: 8 | H51: 8 | I51: 8 | J51: 8 | M51: 8 | N51: 8 | O51: 8 | P51: 8 | Q51: 8
A52: Emergency | B52: 10:00pm-6:30am | C52: Franklyn Simmonds | D52: 40 | F52: 8 | G52: 8 | H52: 8 | I52: 8 | J52: 8 | M52: 8 | N52: 8 | O52: 8 | P52: 8 | Q52: 8
A53: Emergency | B53: 10:00pm-6:30am | C53: Alisha Reyes | D53: 16 | E53: 8 | K53: 8 | L53: 8 | R53: 8
B55: Key for Weekends:
B56: 7:00am-3:30pm
B57: 8:00am-4:30pm
B58: 9:00am-5:30pm
B59: 11:00am-7:30pm
B60: 1:30pm-10:00pm
B61: 4:30pm-1:00am
B62: 10:00pm-6:30am
E65: =SUM(E7:E16,E18:E19,E21:E22,E24:E26,E28:E32,E34:E38,E40:E41,E43:E53) -> 144 | F65: =SUM(F7:F16,F18:F19,F21:F22,F24:F26,F28:F32,F34:F38,F40:F41,F43:F53) -> 196 | G65: =SUM(G7:G16,G18:G19,G21:G22,G24:G26,G28:G32,G34:G38,G40:G41,G43:G53) -> 203 | H65: =SUM(H7:H16,H18:H19,H21:H22,H24:H26,H28:H32,H34:H38,H40:H41,H43:H53) -> 206 | I65: =SUM(I7:I16,I18:I19,I21:I22,I24:I26,I28:I32,I34:I38,I40:I41,I43:I53) -> 195 | J65: =SUM(J7:J16,J18:J19,J21:J22,J24:J26,J28:J32,J34:J38,J40:J41,J43:J53) -> 205 | K65: =SUM(K7:K16,K18:K19,K21:K22,K24:K26,K28:K32,K34:K38,K40:K41,K43:K53) -> 152 | L65: =SUM(L7:L16,L18:L19,L21:L22,L24:L26,L28:L32,L34:L38,L40:L41,L43:L53) -> 152 | ... R65: =SUM(R7:R16,R18:R19,R21:R22,R24:R26,R28:R32,R34:R38,R40:R41,R43:R53) -> 144
E66: =E65/8 -> 18 | F66: =F65/8 -> 24.5 | G66: =G65/8 -> 25.375 | H66: =H65/8 -> 25.75 | I66: =I65/8 -> 24.375 | J66: =J65/8 -> 25.625 | K66: =K65/8 -> 19 | L66: =L65/8 -> 19 | ... R66: =R65/8 -> 18
J68: FTEs: | K68: =SUM(E65+F65+G65+H65+I65+J65+K65)/40 -> 32.525 | Q68: FTEs: | R68: =SUM(L65+M65+N65+O65+P65+Q65+R65)/40 -> 32.525

Sheet Master
A1: Patient Transportation
A2: Tampa Florida Hospital
A3: updated 6/22/17
E4: Week 1 | L4: Week 2 | S4: Week 3 | Z4: Week 4
A6: Duty | B6: Shift | C6: Name | D6: Hrs | E6: S | F6: M | G6: T | H6: W | I6: T | J6: F | K6: S | L6: S | M6: M | N6: T | O6: W | P6: T | Q6: F | R6: S | S6: S | T6: M | U6: T | V6: W | W6: T | X6: F | Y6: S | Z6: S | AA6: M | AB6: T | AC6: W | AD6: T | AE6: F | AF6: S
A7: Pool | B7: 7:00am-3:30pm | C7: Sheral Jones | D7: 40 | F7: 8 | G7: 8 | H7: 8 | I7: 8 | J7: 8 | M7: 8 | N7: 8 | O7: 8 | P7: 8 | Q7: 8 | T7: 8 | U7: 8 | V7: 8 | W7: 8 | X7: 8 | AA7: 8 | AB7: 8 | AC7: 8 | AD7: 8 | AE7: 8
A8: Pool | B8: 7:00am-3:30pm | C8: William Laman | D8: 40 | F8: 8 | G8: 8 | H8: 8 | I8: 8 | J8: 8 | M8: 8 | N8: 8 | O8: 8 | P8: 8 | Q8: 8 | T8: 8 | U8: 8 | V8: 8 | W8: 8 | X8: 8 | AA8: 8 | AB8: 8 | AC8: 8 | AD8: 8 | AE8: 8
A9: Pool | B9: 7:00am-3:30pm | C9: Nilda Milan | D9: 40 | F9: 8 | G9: 8 | H9: 8 | I9: 8 | J9: 8 | M9: 8 | N9: 8 | O9: 8 | P9: 8 | Q9: 8 | T9: 8 | U9: 8 | V9: 8 | W9: 8 | X9: 8 | AA9: 8 | AB9: 8 | AC9: 8 | AD9: 8 | AE9: 8
A10: Pool | B10: 7:00am-3:30pm | C10: Sadie Wentworth | D10: 40 | F10: 8 | G10: 8 | H10: 8 | I10: 8 | J10: 8 | M10: 8 | N10: 8 | O10: 8 | P10: 8 | Q10: 8 | T10: 8 | U10: 8 | V10: 8 | W10: 8 | X10: 8 | AA10: 8 | AB10: 8 | AC10: 8 | AD10: 8 | AE10: 8
A11: Pool | B11: 7:00am-3:30pm | C11: Deidra Hopkins | D11: 40 | F11: 8 | G11: 8 | H11: 8 | I11: 8 | K11: 8 | L11: 8 | M11: 8 | O11: 8 | P11: 8 | Q11: 8 | T11: 8 | U11: 8 | V11: 8 | W11: 8 | Y11: 8 | Z11: 8 | AA11: 8 | AC11: 8 | AD11: 8 | AE11: 8
A12: Pool | B12: 7:00am-3:30pm | C12: Athena Sparks | D12: 40 | E12: 8 | F12: 8 | G12: 8 | I12: 8 | J12: 8 | M12: 8 | N12: 8 | O12: 8 | P12: 8 | R12: 8 | S12: 8 | T12: 8 | U12: 8 | W12: 8 | X12: 8 | AA12: 8 | AB12: 8 | AC12: 8 | AD12: 8 | AF12: 8
A13: Pool | B13: 7:00am-3:30pm | C13: Mario Dunbar | D13: 40 | E13: 8 | F13: 8 | H13: 8 | I13: 8 | J13: 8 | M13: 8 | N13: 8 | O13: 8 | Q13: 8 | R13: 8 | S13: 8 | T13: 8 | V13: 8 | W13: 8 | X13: 8 | AA13: 8 | AB13: 8 | AC13: 8 | AE13: 8 | AF13: 8
A14: Pool | B14: 7:00am-3:30pm | C14: Stephanie Millien | D14: 40 | F14: 8 | G14: 8 | H14: 8 | J14: 8 | K14: 8 | M14: 8 | N14: 8 | P14: 8 | Q14: 8 | R14: 8 | T14: 8 | U14: 8 | V14: 8 | X14: 8 | Y14: 8 | AA14: 8 | AB14: 8 | AD14: 8 | AE14: 8 | AF14: 8
A15: Pool | B15: 7:00am-3:30pm | C15: Larryza Askew | D15: 40 | E15: 8 | H15: 8 | I15: 8 | J15: 8 | K15: 8 | L15: 8 | O15: 8 | P15: 8 | Q15: 8 | R15: 8 | S15: 8 | V15: 8 | W15: 8 | X15: 8 | Y15: 8 | Z15: 8 | AC15: 8 | AD15: 8 | AE15: 8 | AF15: 8
A16: Pool | B16: 7:00am-3:30pm | C16: Alisha Reyes | D16: 40 | G16: 8 | H16: 8 | I16: 8 | N16: 8 | O16: 8 | P16: 8 | U16: 8 | V16: 8 | W16: 8 | AB16: 8 | AC16: 8 | AD16: 8
C17: Staff at 7:00am | F17: =COUNT(F7:F16) -> 8 | G17: =COUNT(G7:G16) -> 8 | H17: =COUNT(H7:H16) -> 9 | I17: =COUNT(I7:I16) -> 9 | J17: =COUNT(J7:J16) -> 8 | M17: =COUNT(M7:M16) -> 8 | N17: =COUNT(N7:N16) -> 8 | O17: =COUNT(O7:O16) -> 9 | P17: =COUNT(P7:P16) -> 9 | Q17: =COUNT(Q7:Q16) -> 8 | T17: =COUNT(T7:T16) -> 8 | U17: =COUNT(U7:U16) -> 8 | V17: =COUNT(V7:V16) -> 9 | W17: =COUNT(W7:W16) -> 9 | X17: =COUNT(X7:X16) -> 8 | AA17: =COUNT(AA7:AA16) -> 8 | AB17: =COUNT(AB7:AB16) -> 8 | AC17: =COUNT(AC7:AC16) -> 9 | AD17: =COUNT(AD7:AD16) -> 9 | AE17: =COUNT(AE7:AE16) -> 8
A18: Pool | B18: 8:00am-4:30pm | C18: Brady Brooks | D18: 32 | E18: 8 | G18: 8 | I18: 8 | K18: 8 | L18: 8 | N18: 8 | P18: 8 | R18: 8 | S18: 8 | U18: 8 | W18: 8 | Y18: 8 | Z18: 8 | AB18: 8 | AD18: 8 | AF18: 8
A19: Pool | B19: 8:00am-4:30pm | C19: OPEN | D19: 24 | F19: 8 | J19: 8 | K19: 8 | L19: 8 | M19: 8 | Q19: 8 | T19: 8 | X19: 8 | Y19: 8 | Z19: 8 | AA19: 8 | AE19: 8
C20: Staff at 8:00am | F20: =COUNT(F7:F16,F18:F19) -> 9 | G20: =COUNT(G7:G16,G18:G19) -> 9 | H20: =COUNT(H7:H16,H18:H19) -> 9 | I20: =COUNT(I7:I16,I18:I19) -> 10 | J20: =COUNT(J7:J16,J18:J19) -> 9 | M20: =COUNT(M7:M16,M18:M19) -> 9 | N20: =COUNT(N7:N16,N18:N19) -> 9 | O20: =COUNT(O7:O16,O18:O19) -> 9 | P20: =COUNT(P7:P16,P18:P19) -> 10 | Q20: =COUNT(Q7:Q16,Q18:Q19) -> 9 | T20: =COUNT(T7:T16,T18:T19) -> 9 | U20: =COUNT(U7:U16,U18:U19) -> 9 | V20: =COUNT(V7:V16,V18:V19) -> 9 | W20: =COUNT(W7:W16,W18:W19) -> 10 | X20: =COUNT(X7:X16,X18:X19) -> 9 | AA20: =COUNT(AA7:AA16,AA18:AA19) -> 9 | AB20: =COUNT(AB7:AB16,AB18:AB19) -> 9 | AC20: =COUNT(AC7:AC16,AC18:AC19) -> 9 | AD20: =COUNT(AD7:AD16,AD18:AD19) -> 10 | AE20: =COUNT(AE7:AE16,AE18:AE19) -> 9
A21: Pool | B21: 9:00am-5:30pm | C21: Aline Louis | D21: 32 | E21: 8 | F21: 8 | H21: 8 | J21: 8 | L21: 8 | M21: 8 | O21: 8 | Q21: 8 | S21: 8 | T21: 8 | V21: 8 | X21: 8 | Z21: 8 | AA21: 8 | AC21: 8 | AE21: 8
A22: Pool | B22: 9:00am-5:30pm | C22: OPEN | D22: 40 | F22: 8 | G22: 8 | I22: 8 | J22: 8 | K22: 8 | N22: 8 | O22: 8 | P22: 8 | Q22: 8 | R22: 8 | T22: 8 | U22: 8 | W22: 8 | X22: 8 | Y22: 8 | AB22: 8 | AC22: 8 | AD22: 8 | AE22: 8 | AF22: 8
C23: Staff at 9:00am | F23: =COUNT(F7:F16,F18:F19,F21:F22) -> 11 | G23: =COUNT(G7:G16,G18:G19,G21:G22) -> 10 | H23: =COUNT(H7:H16,H18:H19,H21:H22) -> 10 | I23: =COUNT(I7:I16,I18:I19,I21:I22) -> 11 | J23: =COUNT(J7:J16,J18:J19,J21:J22) -> 11 | M23: =COUNT(M7:M16,M18:M19,M21:M22) -> 10 | N23: =COUNT(N7:N16,N18:N19,N21:N22) -> 10 | O23: =COUNT(O7:O16,O18:O19,O21:O22) -> 11 | P23: =COUNT(P7:P16,P18:P19,P21:P22) -> 11 | Q23: =COUNT(Q7:Q16,Q18:Q19,Q21:Q22) -> 11 | T23: =COUNT(T7:T16,T18:T19,T21:T22) -> 11 | U23: =COUNT(U7:U16,U18:U19,U21:U22) -> 10 | V23: =COUNT(V7:V16,V18:V19,V21:V22) -> 10 | W23: =COUNT(W7:W16,W18:W19,W21:W22) -> 11 | X23: =COUNT(X7:X16,X18:X19,X21:X22) -> 11 | AA23: =COUNT(AA7:AA16,AA18:AA19,AA21:AA22) -> 10 | AB23: =COUNT(AB7:AB16,AB18:AB19,AB21:AB22) -> 10 | AC23: =COUNT(AC7:AC16,AC18:AC19,AC21:AC22) -> 11 | AD23: =COUNT(AD7:AD16,AD18:AD19,AD21:AD22) -> 11 | AE23: =COUNT(AE7:AE16,AE18:AE19,AE21:AE22) -> 11
A24: Pool | B24: 11:00am-7:30pm | C24: Wesley Bullock | D24: 40 | E24: 8 | G24: 8 | H24: 8 | I24: 8 | J24: 8 | M24: 8 | N24: 8 | O24: 8 | P24: 8 | R24: 8 | S24: 8 | U24: 8 | V24: 8 | W24: 8 | X24: 8 | AA24: 8 | AB24: 8 | AC24: 8 | AD24: 8 | AF24: 8
A25: Pool | B25: 11:00am-7:30pm | C25: Alyssa Heslin | D25: 40 | F25: 8 | G25: 8 | H25: 8 | J25: 8 | K25: 8 | L25: 8 | N25: 8 | O25: 8 | P25: 8 | Q25: 8 | T25: 8 | U25: 8 | V25: 8 | X25: 8 | Y25: 8 | Z25: 8 | AB25: 8 | AC25: 8 | AD25: 8 | AE25: 8
A26: Pool | B26: 11:00am-7:30pm | C26: Ashley Stanley | D26: 24 | F26: 8 | H26: 8 | I26: 8 | L26: 8 | M26: 8 | Q26: 8 | T26: 8 | V26: 8 | W26: 8 | Z26: 8 | AA26: 8 | AE26: 8
C27: Staff at 11:00am | F27: =COUNT(F7:F16,F18:F19,F21:F22,F24:F26) -> 13 | G27: =COUNT(G7:G16,G18:G19,G21:G22,G24:G26) -> 12 | H27: =COUNT(H7:H16,H18:H19,H21:H22,H24:H26) -> 13 | I27: =COUNT(I7:I16,I18:I19,I21:I22,I24:I26) -> 13 | J27: =COUNT(J7:J16,J18:J19,J21:J22,J24:J26) -> 13 | M27: =COUNT(M7:M16,M18:M19,M21:M22,M24:M26) -> 12 | N27: =COUNT(N7:N16,N18:N19,N21:N22,N24:N26) -> 12 | O27: =COUNT(O7:O16,O18:O19,O21:O22,O24:O26) -> 13 | P27: =COUNT(P7:P16,P18:P19,P21:P22,P24:P26) -> 13 | Q27: =COUNT(Q7:Q16,Q18:Q19,Q21:Q22,Q24:Q26) -> 13 | T27: =COUNT(T7:T16,T18:T19,T21:T22,T24:T26) -> 13 | U27: =COUNT(U7:U16,U18:U19,U21:U22,U24:U26) -> 12 | V27: =COUNT(V7:V16,V18:V19,V21:V22,V24:V26) -> 13 | W27: =COUNT(W7:W16,W18:W19,W21:W22,W24:W26) -> 13 | X27: =COUNT(X7:X16,X18:X19,X21:X22,X24:X26) -> 13 | AA27: =COUNT(AA7:AA16,AA18:AA19,AA21:AA22,AA24:AA26) -> 12 | AB27: =COUNT(AB7:AB16,AB18:AB19,AB21:AB22,AB24:AB26) -> 12 | AC27: =COUNT(AC7:AC16,AC18:AC19,AC21:AC22,AC24:AC26) -> 13 | AD27: =COUNT(AD7:AD16,AD18:AD19,AD21:AD22,AD24:AD26) -> 13 | AE27: =COUNT(AE7:AE16,AE18:AE19,AE21:AE22,AE24:AE26) -> 13
A28: Pool | B28: 1:30pm-10:00pm | C28: Jeanty Demas | D28: 40 | F28: 8 | G28: 8 | H28: 8 | I28: 8 | K28: 8 | M28: 8 | N28: 8 | O28: 8 | P28: 8 | R28: 8 | T28: 8 | U28: 8 | V28: 8 | W28: 8 | Y28: 8 | AA28: 8 | AB28: 8 | AC28: 8 | AD28: 8 | AF28: 8
A29: Pool | B29: 1:30pm-10:00pm | C29: Michee Louissanint | D29: 32 | G29: 8 | I29: 8 | J29: 8 | K29: 8 | N29: 8 | P29: 8 | Q29: 8 | R29: 8 | U29: 8 | W29: 8 | X29: 8 | Y29: 8 | AB29: 8 | AD29: 8 | AE29: 8 | AF29: 8
A30: Pool | B30: 1:30pm-10:00pm | C30: Cody Nall | D30: 16 | E30: 8 | K30: 8 | L30: 8 | R30: 8 | S30: 8 | Y30: 8 | Z30: 8 | AF30: 8
A31: Pool | B31: 1:30pm-10:00pm | C31: Antonio Reyes | D31: 40 | E31: 8 | G31: 8 | H31: 8 | I31: 8 | K31: 8 | L31: 8 | M31: 8 | N31: 8 | Q31: 8 | R31: 8 | S31: 8 | U31: 8 | V31: 8 | W31: 8 | Y31: 8 | Z31: 8 | AA31: 8 | AB31: 8 | AE31: 8 | AF31: 8
C32: Staff at 1:30pm | F32: =COUNT(F7:F16,F18:F19,F21:F22,F24:F26,F28:F31) -> 14 | G32: =COUNT(G7:G16,G18:G19,G21:G22,G24:G26,G28:G31) -> 15 | H32: =COUNT(H7:H16,H18:H19,H21:H22,H24:H26,H28:H31) -> 15 | I32: =COUNT(I7:I16,I18:I19,I21:I22,I24:I26,I28:I31) -> 16 | J32: =COUNT(J7:J16,J18:J19,J21:J22,J24:J26,J28:J31) -> 14 | M32: =COUNT(M7:M16,M18:M19,M21:M22,M24:M26,M28:M31) -> 14 | N32: =COUNT(N7:N16,N18:N19,N21:N22,N24:N26,N28:N31) -> 15 | O32: =COUNT(O7:O16,O18:O19,O21:O22,O24:O26,O28:O31) -> 14 | P32: =COUNT(P7:P16,P18:P19,P21:P22,P24:P26,P28:P31) -> 15 | Q32: =COUNT(Q7:Q16,Q18:Q19,Q21:Q22,Q24:Q26,Q28:Q31) -> 15 | T32: =COUNT(T7:T16,T18:T19,T21:T22,T24:T26,T28:T31) -> 14 | U32: =COUNT(U7:U16,U18:U19,U21:U22,U24:U26,U28:U31) -> 15 | V32: =COUNT(V7:V16,V18:V19,V21:V22,V24:V26,V28:V31) -> 15 | W32: =COUNT(W7:W16,W18:W19,W21:W22,W24:W26,W28:W31) -> 16 | X32: =COUNT(X7:X16,X18:X19,X21:X22,X24:X26,X28:X31) -> 14 | AA32: =COUNT(AA7:AA16,AA18:AA19,AA21:AA22,AA24:AA26,AA28:AA31) -> 14 | AB32: =COUNT(AB7:AB16,AB18:AB19,AB21:AB22,AB24:AB26,AB28:AB31) -> 15 | AC32: =COUNT(AC7:AC16,AC18:AC19,AC21:AC22,AC24:AC26,AC28:AC31) -> 14 | AD32: =COUNT(AD7:AD16,AD18:AD19,AD21:AD22,AD24:AD26,AD28:AD31) -> 15 | AE32: =COUNT(AE7:AE16,AE18:AE19,AE21:AE22,AE24:AE26,AE28:AE31) -> 15
A33: Pool | B33: 3:00pm-9:00pm | C33: Jeffery Ambriose | D33: 26 | E33: 8 | F33: 6 | G33: 6 | I33: 6 | L33: 8 | M33: 6 | N33: 6 | P33: 6 | S33: 8 | T33: 6 | U33: 6 | W33: 6 | Z33: 8 | AA33: 6 | AB33: 6 | AD33: 6
A34: Pool | B34: 3:00pm-9:00pm | C34: Anthony Miller | D34: 26 | E34: 8 | F34: 6 | H34: 6 | J34: 6 | N34: 6 | O34: 6 | Q34: 6 | R34: 8 | S34: 8 | T34: 6 | V34: 6 | X34: 6 | AB34: 6 | AC34: 6 | AE34: 6 | AF34: 8
A35: Pool | B35: 3:00pm-9:00pm | C35: Erick Polanco | D35: 28 | E35: 8 | F35: 6 | H35: 6 | K35: 8 | L35: 8 | M35: 6 | O35: 6 | R35: 8 | S35: 8 | T35: 6 | V35: 6 | Y35: 8 | Z35: 8 | AA35: 6 | AC35: 6 | AF35: 8
A36: Pool | B36: 3:30pm-12:00am | C36: Edson Hernandez | D36: 32 | E36: 8 | G36: 8 | I36: 8 | J36: 8 | M36: 8 | P36: 8 | Q36: 8 | R36: 8 | S36: 8 | U36: 8 | W36: 8 | X36: 8 | AA36: 8 | AD36: 8 | AE36: 8 | AF36: 8
C37: Staff at 3:30pm | F37: =COUNT(F18:F19,F21:F22,F24:F26,F28:F31,F33:F36) -> 9 | G37: =COUNT(G18:G19,G21:G22,G24:G26,G28:G31,G33:G36) -> 9 | H37: =COUNT(H18:H19,H21:H22,H24:H26,H28:H31,H33:H36) -> 8 | I37: =COUNT(I18:I19,I21:I22,I24:I26,I28:I31,I33:I36) -> 9 | J37: =COUNT(J18:J19,J21:J22,J24:J26,J28:J31,J33:J36) -> 8 | M37: =COUNT(M18:M19,M21:M22,M24:M26,M28:M31,M33:M36) -> 9 | N37: =COUNT(N18:N19,N21:N22,N24:N26,N28:N31,N33:N36) -> 9 | O37: =COUNT(O18:O19,O21:O22,O24:O26,O28:O31,O33:O36) -> 7 | P37: =COUNT(P18:P19,P21:P22,P24:P26,P28:P31,P33:P36) -> 8 | Q37: =COUNT(Q18:Q19,Q21:Q22,Q24:Q26,Q28:Q31,Q33:Q36) -> 9 | T37: =COUNT(T18:T19,T21:T22,T24:T26,T28:T31,T33:T36) -> 9 | U37: =COUNT(U18:U19,U21:U22,U24:U26,U28:U31,U33:U36) -> 9 | V37: =COUNT(V18:V19,V21:V22,V24:V26,V28:V31,V33:V36) -> 8 | W37: =COUNT(W18:W19,W21:W22,W24:W26,W28:W31,W33:W36) -> 9 | X37: =COUNT(X18:X19,X21:X22,X24:X26,X28:X31,X33:X36) -> 8 | AA37: =COUNT(AA18:AA19,AA21:AA22,AA24:AA26,AA28:AA31,AA33:AA36) -> 9 | AB37: =COUNT(AB18:AB19,AB21:AB22,AB24:AB26,AB28:AB31,AB33:AB36) -> 9 | AC37: =COUNT(AC18:AC19,AC21:AC22,AC24:AC26,AC28:AC31,AC33:AC36) -> 7 | AD37: =COUNT(AD18:AD19,AD21:AD22,AD24:AD26,AD28:AD31,AD33:AD36) -> 8 | AE37: =COUNT(AE18:AE19,AE21:AE22,AE24:AE26,AE28:AE31,AE33:AE36) -> 9
A38: Pool | B38: 5:00pm-10:00pm | C38: Beverly Barthelemy | D38: 23 | E38: 8 | G38: 5 | I38: 5 | L38: 8 | N38: 5 | P38: 5 | S38: 8 | U38: 5 | W38: 5 | Z38: 8 | AB38: 5 | AD38: 5
A39: Pool | B39: 5:00pm-10:00pm | C39: Deion Vazquez | D39: 23 | F39: 5 | H39: 5 | J39: 5 | K39: 8 | L39: 8 | M39: 5 | O39: 5 | Q39: 5 | T39: 5 | V39: 5 | X39: 5 | Y39: 8 | Z39: 8 | AA39: 5 | AC39: 5 | AE39: 5
A40: Pool | B40: 5:30pm-12:30am | C40: Homero Saenz | D40: 36 | F40: 7 | G40: 7 | H40: 7 | J40: 7 | K40: 8 | L40: 8 | N40: 7 | O40: 7 | P40: 7 | Q40: 7 | T40: 7 | U40: 7 | V40: 7 | X40: 7 | Y40: 8 | Z40: 8 | AB40: 7 | AC40: 7 | AD40: 7 | AE40: 7
C41: Staff at 5:30pm | F41: =COUNT(F24:F26,F28:F31,F33:F36,F38:F40) -> 8 | G41: =COUNT(G24:G26,G28:G31,G33:G36,G38:G40) -> 9 | H41: =COUNT(H24:H26,H28:H31,H33:H36,H38:H40) -> 9 | I41: =COUNT(I24:I26,I28:I31,I33:I36,I38:I40) -> 8 | J41: =COUNT(J24:J26,J28:J31,J33:J36,J38:J40) -> 7 | M41: =COUNT(M24:M26,M28:M31,M33:M36,M38:M40) -> 8 | N41: =COUNT(N24:N26,N28:N31,N33:N36,N38:N40) -> 9 | O41: =COUNT(O24:O26,O28:O31,O33:O36,O38:O40) -> 7 | P41: =COUNT(P24:P26,P28:P31,P33:P36,P38:P40) -> 8 | Q41: =COUNT(Q24:Q26,Q28:Q31,Q33:Q36,Q38:Q40) -> 8 | T41: =COUNT(T24:T26,T28:T31,T33:T36,T38:T40) -> 8 | U41: =COUNT(U24:U26,U28:U31,U33:U36,U38:U40) -> 9 | V41: =COUNT(V24:V26,V28:V31,V33:V36,V38:V40) -> 9 | W41: =COUNT(W24:W26,W28:W31,W33:W36,W38:W40) -> 8 | X41: =COUNT(X24:X26,X28:X31,X33:X36,X38:X40) -> 7 | AA41: =COUNT(AA24:AA26,AA28:AA31,AA33:AA36,AA38:AA40) -> 8 | AB41: =COUNT(AB24:AB26,AB28:AB31,AB33:AB36,AB38:AB40) -> 9 | AC41: =COUNT(AC24:AC26,AC28:AC31,AC33:AC36,AC38:AC40) -> 7 | AD41: =COUNT(AD24:AD26,AD28:AD31,AD33:AD36,AD38:AD40) -> 8 | AE41: =COUNT(AE24:AE26,AE28:AE31,AE33:AE36,AE38:AE40) -> 8
A42: Emergency | B42: 6:30am-3:00pm | C42: Valerie Anderson | D42: 80 | F42: 8 | G42: 8 | H42: 8 | I42: 8 | J42: 8 | M42: 8 | N42: 8 | O42: 8 | P42: 8 | Q42: 8 | T42: 8 | U42: 8 | V42: 8 | W42: 8 | X42: 8 | AA42: 8 | AB42: 8 | AC42: 8 | AD42: 8 | AE42: 8
A43: Emergency | B43: 8:00am-4:30pm | C43: Moshe Rojas | D43: 32 | F43: 8 | H43: 8 | J43: 8 | K43: 8 | L43: 8 | M43: 8 | O43: 8 | Q43: 8 | T43: 8 | V43: 8 | X43: 8 | Y43: 8 | Z43: 8 | AA43: 8 | AC43: 8 | AE43: 8
A44: Emergency | B44: 8:00am-4:30pm | C44: Michael Correa | D44: 24 | G44: 8 | I44: 8 | K44: 8 | N44: 8 | P44: 8 | R44: 8 | U44: 8 | W44: 8 | Y44: 8 | AB44: 8 | AD44: 8 | AF44: 8
A45: Emergency | B45: 3:00pm-11:30pm | C45: Claude Pierre-Charles | D45: 32 | E45: 8 | G45: 8 | H45: 8 | I45: 8 | L45: 8 | N45: 8 | O45: 8 | P45: 8 | S45: 8 | U45: 8 | V45: 8 | W45: 8 | Z45: 8 | AB45: 8 | AC45: 8 | AD45: 8
A46: Emergency | B46: 3:00pm-11:30pm | C46: OPEN | D46: 40 | E46: 8 | F46: 8 | H46: 8 | I46: 8 | J46: 8 | M46: 8 | N46: 8 | P46: 8 | Q46: 8 | R46: 8 | S46: 8 | T46: 8 | V46: 8 | W46: 8 | X46: 8 | AA46: 8 | AB46: 8 | AD46: 8 | AE46: 8 | AF46: 8
A47: Emergency | B47: 3:00pm-11:30pm | C47: Danielle Collins | D47: 32 | E47: 8 | F47: 8 | G47: 8 | H47: 8 | L47: 8 | M47: 8 | N47: 8 | O47: 8 | S47: 8 | T47: 8 | U47: 8 | V47: 8 | Z47: 8 | AA47: 8 | AB47: 8 | AC47: 8
A48: Emergency | B48: 4:30pm-10:30pm | C48: Veronica Brown | D48: 26 | F48: 6 | I48: 6 | J48: 6 | K48: 8 | N48: 6 | P48: 6 | Q48: 6 | R48: 8 | T48: 6 | W48: 6 | X48: 6 | Y48: 8 | AB48: 6 | AD48: 6 | AE48: 6 | AF48: 8
A49: Emergency | B49: 4:30pm-10:30pm | C49: Roland Cadet | E49: 8 | G49: 6 | H49: 6 | L49: 8 | M49: 6 | O49: 6 | S49: 8 | U49: 6 | V49: 6 | Z49: 8 | AA49: 6 | AC49: 6
A50: Emergency | B50: 8:00pm-4:30am | C50: Erica Cepeda | D50: 40 | F50: 8 | G50: 8 | H50: 8 | I50: 8 | J50: 8 | M50: 8 | N50: 8 | O50: 8 | P50: 8 | Q50: 8 | T50: 8 | U50: 8 | V50: 8 | W50: 8 | X50: 8 | AA50: 8 | AB50: 8 | AC50: 8 | AD50: 8 | AE50: 8
A51: Emergency | B51: 10:00pm-6:30am | C51: Franklyn Simmonds | D51: 40 | F51: 8 | G51: 8 | H51: 8 | I51: 8 | J51: 8 | M51: 8 | N51: 8 | O51: 8 | P51: 8 | Q51: 8 | T51: 8 | U51: 8 | V51: 8 | W51: 8 | X51: 8 | AA51: 8 | AB51: 8 | AC51: 8 | AD51: 8 | AE51: 8
A52: Emergency | B52: 10:00pm-6:30am | C52: Alisha Reyes | D52: 16 | E52: 8 | K52: 8 | L52: 8 | R52: 8 | S52: 8 | Y52: 8 | Z52: 8 | AF52: 8
A54: PRN | C54: Efrem Meconen
A55: PRN | C55: Fernando Juarbe
B57: Key for Weekends:
B58: 7:00am-3:30pm
B59: 9:00am-5:30pm
B60: 11:00am-7:30pm
B61: 1:30pm-10:00pm
B62: 4:30pm-1:00am
B63: 10:00pm-6:30am
E65: =SUM(E7:E16,E18:E19,E21:E22,E24:E26,E28:E31,E33:E36,E38:E40,E42:E64) -> 144 | F65: =SUM(F7:F16,F18:F19,F21:F22,F24:F26,F28:F31,F33:F36,F38:F40,F42:F64) -> 196 | G65: =SUM(G7:G16,G18:G19,G21:G22,G24:G26,G28:G31,G33:G36,G38:G40,G42:G64) -> 200 | H65: =SUM(H7:H16,H18:H19,H21:H22,H24:H26,H28:H31,H33:H36,H38:H40,H42:H64) -> 206 | I65: =SUM(I7:I16,I18:I19,I21:I22,I24:I26,I28:I31,I33:I36,I38:I40,I42:I64) -> 201 | J65: =SUM(J7:J16,J18:J19,J21:J22,J24:J26,J28:J31,J33:J36,J38:J40,J42:J64) -> 184 | K65: =SUM(K7:K16,K18:K19,K21:K22,K24:K26,K28:K31,K33:K36,K38:K40,K42:K64) -> 144 | L65: =SUM(L7:L16,L18:L19,L21:L22,L24:L26,L28:L31,L33:L36,L38:L40,L42:L64) -> 152 | ... AF65: =SUM(AF7:AF16,AF18:AF19,AF21:AF22,AF24:AF26,AF28:AF31,AF33:AF36,AF38:AF40,AF42:AF64) -> 144
E66: =E65/8 -> 18 | F66: =F65/8 -> 24.5 | G66: =G65/8 -> 25 | H66: =H65/8 -> 25.75 | I66: =I65/8 -> 25.125 | J66: =J65/8 -> 23 | K66: =K65/8 -> 18 | L66: =L65/8 -> 19 | ... AF66: =AF65/8 -> 18
J68: FTEs: | K68: =SUM(E65+F65+G65+H65+I65+J65+K65)/40 -> 31.875 | Q68: FTEs: | R68: =SUM(L65+M65+N65+O65+P65+Q65+R65)/40 -> 31.875 | X68: FTEs: | Y68: =SUM(S65+T65+U65+V65+W65+X65+Y65)/40 -> 31.875 | AE68: FTEs: | AF68: =SUM(Z65+AA65+AB65+AC65+AD65+AE65+AF65)/40 -> 31.875

Sheet HEATMAP
C2: 12/1/25-5/31/26 | D2: =31+31+28+31+30+31 -> 182 | E2: Days | J2: Total Volumes by Hour
B4: Time of Day | C4: Total Turn Time | D4: Arrival Time | E4: Trip Volume | F4: Budgeted Trips | G4: Number of Staff
B5: 0.25 | C5: 22 | D5: 13 | E5: =J5/$D$2 -> 8.8296703 | F5: =G5*2.5 -> #REF! | G5: =#REF! -> #REF! | J5: 1607
B6: 0.29166667 | C6: 26 | D6: 16 | E6: =J6/$D$2 -> 12.675824 | F6: =G6*2.5 -> #REF! | G6: =#REF! -> #REF! | J6: 2307
B7: 0.33333333 | C7: 24 | D7: 14 | E7: =J7/$D$2 -> 18.950549 | F7: =G7*2.5 -> #REF! | G7: =#REF! -> #REF! | J7: 3449
B8: 0.375 | C8: 25 | D8: 15 | E8: =J8/$D$2 -> 24.175824 | F8: =G8*2.5 -> #REF! | G8: =#REF! -> #REF! | J8: 4400
B9: 0.41666667 | C9: 25 | D9: 16 | E9: =J9/$D$2 -> 30.148352 | F9: =G9*2.5 -> #REF! | G9: =#REF! -> #REF! | J9: 5487
B10: 0.45833333 | C10: 26 | D10: 16 | E10: =J10/$D$2 -> 31.895604 | F10: =G10*2.5 -> #REF! | G10: =#REF! -> #REF! | J10: 5805
B11: 0.5 | C11: 22 | D11: 14 | E11: =J11/$D$2 -> 37.230769 | F11: =G11*2.5 -> #REF! | G11: =#REF! -> #REF! | J11: 6776
B12: 0.54166667 | C12: 20 | D12: 12 | E12: =J12/$D$2 -> 34.983516 | F12: =G12*2.5 -> #REF! | G12: =#REF! -> #REF! | J12: 6367
B13: 0.58333333 | C13: 19 | D13: 10 | E13: =J13/$D$2 -> 36.159341 | F13: =G13*2.5 -> #REF! | G13: =#REF! -> #REF! | J13: 6581
B14: 0.625 | C14: 19 | D14: 11 | E14: =J14/$D$2 -> 35.983516 | F14: =G14*2.5 -> #REF! | G14: =#REF! -> #REF! | J14: 6549
B15: 0.66666667 | C15: 21 | D15: 13 | E15: =J15/$D$2 -> 32.28022 | F15: =G15*2.5 -> #REF! | G15: =#REF! -> #REF! | J15: 5875
B16: 0.70833333 | C16: 21 | D16: 14 | E16: =J16/$D$2 -> 29.681319 | F16: =G16*2.5 -> #REF! | G16: =#REF! -> #REF! | J16: 5402
... B21: 0.91666667 | C21: 16 | D21: 10 | E21: =J21/$D$2 -> 0.78571429 | F21: =G21*2.5 -> #REF! | G21: =#REF! -> #REF! | J21: 143
B22: 0.95833333

Sheet Master as of 10.4
A1: Patient Transportation
A2: Texas Health Dallas
E4: Week 1 | L4: Week 2 | T4: Time | U4: # of Staff
E5: 46299 | F5: 46300 | G5: 46301 | H5: 46302 | I5: 46303 | J5: 46304 | K5: 46305 | L5: 46306 | M5: 46307 | N5: 46308 | O5: 46309 | P5: 46310 | Q5: 46311 | R5: 46312 | T5: 0.25 | U5: =ROUNDDOWN(MODE(E16:R16),0) -> 4
A6: Duty | B6: Shift | C6: Name | D6: Hrs | E6: S | F6: M | G6: T | H6: W | I6: T | J6: F | K6: S | L6: S | M6: M | N6: T | O6: W | P6: T | Q6: F | R6: S | T6: 0.29166667 | U6: =ROUNDDOWN(MODE(E25:R25),0) -> 8
A7: Pool | B7: 6:00am-1:30pm | C7: Kojo Boakye | D7: =SUM(E7:K7,L7:R7)/2 -> 35 | F7: 7 | G7: 7 | H7: 7 | I7: 7 | J7: 7 | M7: 7 | N7: 7 | O7: 7 | P7: 7 | Q7: 7 | T7: 0.33333333 | U7: =ROUNDDOWN(AVERAGE(E26:R26),0) -> 7
A8: Pool | B8: 6:00am-2:30pm | C8: Eddy Toledo | D8: =SUM(E8:K8,L8:R8)/2 -> 40 | F8: 8 | G8: 8 | H8: 8 | I8: 8 | K8: 8 | L8: 8 | M8: 8 | N8: 8 | P8: 8 | Q8: 8 | T8: 0.375 | U8: =ROUNDDOWN(MODE(E32:R32),0) -> 11
A9: Pool | B9: 6:00am-2:30pm | C9: Almaz Kidane | D9: =SUM(E9:K9,L9:R9)/2 -> 40 | F9: 8 | G9: 8 | H9: 8 | I9: 8 | J9: 8 | M9: 8 | N9: 8 | O9: 8 | P9: 8 | Q9: 8 | T9: 0.41666667 | U9: =ROUNDDOWN(AVERAGE(E38:R38),0) -> 11
A10: Pool | B10: 6:00am-2:30pm | C10: Marco Mendez | D10: =SUM(E10:K10,L10:R10)/2 -> 40 | E10: 8 | F10: 8 | H10: 8 | I10: 8 | J10: 8 | M10: 8 | N10: 8 | O10: 8 | P10: 8 | R10: 8 | T10: 0.45833333 | U10: =ROUNDDOWN(AVERAGE(E43:R43),0) -> 12
A11: Pool | B11: 6:00am-2:30pm | C11: Mildred Alvarado | D11: =SUM(E11:K11,L11:R11)/2 -> 40 | F11: 8 | G11: 8 | I11: 8 | J11: 8 | K11: 8 | L11: 8 | N11: 8 | O11: 8 | P11: 8 | Q11: 8 | T11: 0.5 | U11: =ROUNDDOWN(AVERAGE(E45:R45),0) -> 13
A12: Pool | B12: 6:00am-2:30pm | C12: Adhika Tahija | D12: =SUM(E12:K12,L12:R12)/2 -> 8 | E12: 8 | R12: 8 | T12: 0.54166667 | U12: =ROUNDDOWN(AVERAGE(E47:R47),0) -> 14
A13: Pool | B13: 6:00am-2:30pm | C13: Alexa Ledezma | D13: =SUM(E13:K13,L13:R13)/2 -> 8 | K13: 8 | L13: 8 | T13: 0.58333333 | U13: =ROUNDDOWN(AVERAGE(E55:R55),0) -> 16
A14: Pool | B14: 6:00am-2:30pm | C14: Aaron Hoglund | D14: =SUM(E14:K14,L14:R14)/2 -> 8 | E14: 8 | R14: 8 | T14: 0.625 | U14: =ROUNDDOWN(AVERAGE(E60:R60),0) -> 14
A15: Pool | B15: 6:00am-2:30pm | C15: Almaz Kelati | D15: =SUM(E15:K15,L15:R15)/2 -> 8 | K15: 8 | R15: 8 | T15: 0.66666667 | U15: =ROUNDDOWN(AVERAGE(E61:R61),0) -> 11
C16: Staff by 6am | E16: =COUNT(E7:E15) -> 3 | F16: =COUNT(F7:F15) -> 5 | G16: =COUNT(G7:G15) -> 4 | H16: =COUNT(H7:H15) -> 4 | I16: =COUNT(I7:I15) -> 5 | J16: =COUNT(J7:J15) -> 4 | K16: =COUNT(K7:K15) -> 4 | L16: =COUNT(L7:L15) -> 3 | ... R16: =COUNT(R7:R15) -> 4 | T16: 0.70833333 | U16: =ROUNDDOWN(AVERAGE(E62:R62),0) -> 11
A17: Pool | B17: 7:00am-3:30pm | C17: Chase Pope | D17: =SUM(E17:K17,L17:R17)/2 -> 40 | F17: 8 | H17: 8 | I17: 8 | J17: 8 | K17: 8 | L17: 8 | N17: 8 | O17: 8 | P17: 8 | Q17: 8 | T17: 0.75 | U17: =ROUNDDOWN(AVERAGE(E63:R63),0) -> 10
A18: Pool | B18: 7:00am-3:30pm | C18: Alexa Ledezma | D18: =SUM(E18:K18,L18:R18)/2 -> 32 | F18: 8 | G18: 8 | H18: 8 | I18: 8 | M18: 8 | O18: 8 | P18: 8 | Q18: 8 | T18: 0.79166667 | U18: =ROUNDDOWN(AVERAGE(E64:R64),0) -> 8
A19: Pool | B19: 7:00am-3:30pm | C19: Raquel Cardoso | D19: =SUM(E19:K19,L19:R19)/2 -> 8 | K19: 8 | R19: 8 | T19: 0.83333333 | U19: =ROUNDDOWN(AVERAGE(E65:R65),0) -> 7
A20: Open | B20: 7:00am-3:30pm | C20: Open | D20: =SUM(E20:K20,L20:R20)/2 -> 0 | T20: 0.875 | U20: =ROUNDDOWN(AVERAGE(E66:R66),0) -> 6
A21: Pool | B21: 7:00am-3:30pm | C21: Demetrius White | D21: =SUM(E21:K21,L21:R21)/2 -> 40 | E21: 8 | F21: 8 | H21: 8 | I21: 8 | J21: 8 | M21: 8 | N21: 8 | O21: 8 | Q21: 8 | R21: 8
A22: Pool | B22: 7:00am-3:30pm | C22: Esmerelda Molina | D22: =SUM(E22:K22,L22:R22)/2 -> 20 | G22: 8 | I22: 8 | J22: 8 | N22: 8 | Q22: 8 | T22: 0.91666667 | U22: =ROUNDDOWN(AVERAGE('[1]Master as of 2.17.25'!E61:R61), 0) -> 4
A23: Pool | B23: 7:00am-3:30pm | C23: Ruth Brown | D23: =SUM(E23:K23,L23:R23)/2 -> 40 | F23: 8 | G23: 8 | H23: 8 | I23: 8 | J23: 8 | M23: 8 | N23: 8 | O23: 8 | P23: 8 | Q23: 8
A24: Pool | B24: 7:30am-12:30pm | C24: Jackie Wilson | D24: =SUM(E24:K24,L24:R24)/2 -> 17.5 | E24: 5 | G24: 5 | H24: 5 | L24: 5 | M24: 5 | N24: 5 | P24: 5
C25: Staff by 7am | E25: =COUNT(E7:E15,E17:E23) -> 4 | F25: =COUNT(F7:F15,F17:F23) -> 9 | G25: =COUNT(G7:G15,G17:G23) -> 7 | H25: =COUNT(H7:H15,H17:H23) -> 8 | I25: =COUNT(I7:I15,I17:I23) -> 10 | J25: =COUNT(J7:J15,J17:J23) -> 8 | K25: =COUNT(K7:K15,K17:K23) -> 6 | L25: =COUNT(L7:L15,L17:L23) -> 4 | ... R25: =COUNT(R7:R15,R17:R23) -> 6
C26: Staff by 8am | E26: =COUNT(E7:E15,E17:E24,#REF!) -> 5 | F26: =COUNT(F7:F15,F17:F24,#REF!) -> 9 | G26: =COUNT(G7:G15,G17:G24,#REF!) -> 8 | H26: =COUNT(H7:H15,H17:H24,#REF!) -> 9 | I26: =COUNT(I7:I15,I17:I24,#REF!) -> 10 | J26: =COUNT(J7:J15,J17:J24,#REF!) -> 8 | K26: =COUNT(K7:K15,K17:K24,#REF!) -> 6 | L26: =COUNT(L7:L15,L17:L24,#REF!) -> 5 | ... R26: =COUNT(R7:R15,R17:R24,#REF!) -> 6
A27: Pool | B27: 9:00am-5:30pm | C27: Joshua Thompson | D27: =SUM(E27:K27,L27:R27)/2 -> 32 | F27: 8 | G27: 8 | I27: 8 | J27: 8 | M27: 8 | O27: 8 | P27: 8 | Q27: 8
A28: Pool | B28: 9:00am-5:30pm | C28: Adhika Tahija | D28: =SUM(E28:K28,L28:R28)/2 -> 8 | F28: 8 | M28: 8
A29: Pool | B29: 9:00am-5:30pm | C29: Aaron Hoglund | D29: =SUM(E29:K29,L29:R29)/2 -> 8 | H29: 8 | O29: 8
A30: Pool | B30: 9:00am-5:30pm | C30: Raquel Cardoso | D30: =SUM(E30:K30,L30:R30)/2 -> 16 | H30: 8 | I30: 8 | O30: 8 | P30: 8
A31: Pool | B31: 9:00am-5:30pm | C31: Gilberto Santos | D31: =SUM(E31:K31,L31:R31)/2 -> 16 | E31: 8 | K31: 8 | L31: 8 | R31: 8
C32: Staff by 9am | E32: =COUNT(E7:E15,E17:E24,#REF!,E27:E31) -> 6 | F32: =COUNT(F7:F15,F17:F24,#REF!,F27:F31) -> 11 | G32: =COUNT(G7:G15,G17:G24,#REF!,G27:G31) -> 9 | H32: =COUNT(H7:H15,H17:H24,#REF!,H27:H31) -> 11 | I32: =COUNT(I7:I15,I17:I24,#REF!,I27:I31) -> 12 | J32: =COUNT(J7:J15,J17:J24,#REF!,J27:J31) -> 9 | K32: =COUNT(K7:K15,K17:K24,#REF!,K27:K31) -> 7 | L32: =COUNT(L7:L15,L17:L24,#REF!,L27:L31) -> 6 | ... R32: =COUNT(R7:R15,R17:R24,#REF!,R27:R31) -> 7
A33: Pool | B33: 10:00am-6:30pm | C33: Adhika Tahija | D33: =SUM(E33:K33,L33:R33)/2 -> 16 | G33: 8 | J33: 8 | O33: 8 | Q33: 8
A34: Pool | B34: 10:00am-6:30pm | C34: Maxwell Miller | D34: =SUM(E34:K34,L34:R34)/2 -> 32 | F34: 8 | G34: 8 | H34: 8 | J34: 8 | M34: 8 | N34: 8 | O34: 8 | Q34: 8
A35: Pool | B35: 10:00am-6:30pm | C35: Joshua Thompson | D35: =SUM(E35:K35,L35:R35)/2 -> 8 | K35: 8 | L35: 8
A36: Pool | B36: 10:00am-6:30pm | C36: Blair Alexander | D36: =SUM(E36:K36,L36:R36)/2 -> 40 | E36: 8 | F36: 8 | H36: 8 | I36: 8 | J36: 8 | M36: 8 | N36: 8 | O36: 8 | P36: 8 | R36: 8
A37: Pool | B37: 10:00am-6:30pm | C37: Aaron Hoglund | D37: =SUM(E37:K37,L37:R37)/2 -> 24 | F37: 8 | G37: 8 | J37: 8 | M37: 8 | N37: 8 | Q37: 8
C38: Staff by 10am | E38: =COUNT(E7:E15,E17:E24,#REF!,E27:E31,E33:E37) -> 7 | F38: =COUNT(F7:F15,F17:F24,#REF!,F27:F31,F33:F37) -> 14 | G38: =COUNT(G7:G15,G17:G24,#REF!,G27:G31,G33:G37) -> 12 | H38: =COUNT(H7:H15,H17:H24,#REF!,H27:H31,H33:H37) -> 13 | I38: =COUNT(I7:I15,I17:I24,#REF!,I27:I31,I33:I37) -> 13 | J38: =COUNT(J7:J15,J17:J24,#REF!,J27:J31,J33:J37) -> 13 | K38: =COUNT(K7:K15,K17:K24,#REF!,K27:K31,K33:K37) -> 8 | L38: =COUNT(L7:L15,L17:L24,#REF!,L27:L31,L33:L37) -> 7 | ... R38: =COUNT(R7:R15,R17:R24,#REF!,R27:R31,R33:R37) -> 8
A39: Pool | B39: 11:00am-7:30pm | C39: Maxwell Miller | D39: =SUM(E39:K39,L39:R39)/2 -> 8 | K39: 8 | L39: 8
A40: Pool | B40: 11:00am-7:30pm | C40: De'Ana Humphrey | D40: =SUM(E40:K40,L40:R40)/2 -> 40 | F40: 8 | G40: 8 | I40: 8 | J40: 8 | K40: 8 | L40: 8 | N40: 8 | O40: 8 | P40: 8 | Q40: 8
A41: Pool | B41: 11:00am-7:30pm | C41: Juan Molina | D41: =SUM(E41:K41,L41:R41)/2 -> 24 | E41: 8 | H41: 8 | I41: 8 | O41: 8 | P41: 8 | R41: 8
A42: Pool | B42: 11:30am-10:00pm | C42: Eduardo Lopez | D42: =SUM(E42:K42,L42:R42)/2 -> 30 | E42: 10 | J42: 10 | K42: 10 | L42: 10 | Q42: 10 | R42: 10
C43: Staff by 11am | E43: =COUNT(E7:E15,E17:E24,#REF!,E27:E31,E33:E37,E39:E41) -> 8 | F43: =COUNT(F7:F15,F17:F24,#REF!,F27:F31,F33:F37,F39:F41) -> 15 | G43: =COUNT(G7:G15,G17:G24,#REF!,G27:G31,G33:G37,G39:G41) -> 13 | H43: =COUNT(H7:H15,H17:H24,#REF!,H27:H31,H33:H37,H39:H41) -> 14 | I43: =COUNT(I7:I15,I17:I24,#REF!,I27:I31,I33:I37,I39:I41) -> 15 | J43: =COUNT(J7:J15,J17:J24,#REF!,J27:J31,J33:J37,J39:J41) -> 14 | K43: =COUNT(K7:K15,K17:K24,#REF!,K27:K31,K33:K37,K39:K41) -> 10 | L43: =COUNT(L7:L15,L17:L24,#REF!,L27:L31,L33:L37,L39:L41) -> 9 | ... R43: =COUNT(R7:R15,R17:R24,#REF!,R27:R31,R33:R37,R39:R41) -> 9
A44: Pool | B44: 12:00pm-8:30pm | C44: Aleya Roberts | D44: =SUM(E44:K44,L44:R44)/2 -> 40 | E44: 8 | G44: 8 | H44: 8 | I44: 8 | J44: 8 | M44: 8 | N44: 8 | O44: 8 | P44: 8 | R44: 8
C45: Staff by 12pm | E45: =COUNT(E7:E15,E17:E24,#REF!,E27:E31,E33:E37,E39:E42,E44:E44) -> 10 | F45: =COUNT(F7:F15,F17:F24,#REF!,F27:F31,F33:F37,F39:F42,F44:F44) -> 15 | G45: =COUNT(G7:G15,G17:G24,#REF!,G27:G31,G33:G37,G39:G42,G44:G44) -> 14 | H45: =COUNT(H7:H15,H17:H24,#REF!,H27:H31,H33:H37,H39:H42,H44:H44) -> 15 | I45: =COUNT(I7:I15,I17:I24,#REF!,I27:I31,I33:I37,I39:I42,I44:I44) -> 16 | J45: =COUNT(J7:J15,J17:J24,#REF!,J27:J31,J33:J37,J39:J42,J44:J44) -> 16 | K45: =COUNT(K7:K15,K17:K24,#REF!,K27:K31,K33:K37,K39:K42,K44:K44) -> 11 | L45: =COUNT(L7:L15,L17:L24,#REF!,L27:L31,L33:L37,L39:L42,L44:L44) -> 10 | ... R45: =COUNT(R7:R15,R17:R24,#REF!,R27:R31,R33:R37,R39:R42,R44:R44) -> 11
A46: OFF EXT. | B46: 1:00pm-9:30pm | C46: Asia Phaikoh | D46: =SUM(E46:K46,L46:R46)/2 -> 40 | E46: 8 | F46: 8 | H46: 8 | I46: 8 | J46: 8 | M46: 8 | O46: 8 | P46: 8 | Q46: 8 | R46: 8
C47: Staff by 1pm | E47: =COUNT(E7:E15,E17:E23,#REF!,E27:E31,E33:E37,E39:E42,E44:E44,E46:E46) -> 10 | F47: =COUNT(F7:F15,F17:F23,#REF!,F27:F31,F33:F37,F39:F42,F44:F44,F46:F46) -> 16 | G47: =COUNT(G7:G15,G17:G23,#REF!,G27:G31,G33:G37,G39:G42,G44:G44,G46:G46) -> 13 | H47: =COUNT(H7:H15,H17:H23,#REF!,H27:H31,H33:H37,H39:H42,H44:H44,H46:H46) -> 15 | I47: =COUNT(I7:I15,I17:I23,#REF!,I27:I31,I33:I37,I39:I42,I44:I44,I46:I46) -> 17 | J47: =COUNT(J7:J15,J17:J23,#REF!,J27:J31,J33:J37,J39:J42,J44:J44,J46:J46) -> 17 | K47: =COUNT(K7:K15,K17:K23,#REF!,K27:K31,K33:K37,K39:K42,K44:K44,K46:K46) -> 11 | L47: =COUNT(L7:L15,L17:L23,#REF!,L27:L31,L33:L37,L39:L42,L44:L44,L46:L46) -> 9 | ... R47: =COUNT(R7:R15,R17:R23,#REF!,R27:R31,R33:R37,R39:R42,R44:R44,R46:R46) -> 12
A48: Pool | B48: 1:30pm-10:00pm | C48: Gibran Ramos | D48: =SUM(E48:K48,L48:R48)/2 -> 40 | F48: 8 | G48: 8 | H48: 8 | I48: 8 | K48: 8 | L48: 8 | N48: 8 | O48: 8 | P48: 8 | Q48: 8
A49: Pool | B49: 1:30pm-10:00pm | C49: Najaf Ali | D49: =SUM(E49:K49,L49:R49)/2 -> 24 | E49: 8 | G49: 8 | K49: 8 | L49: 8 | N49: 8 | R49: 8
A50: Pool | B50: 1:30pm-10:00pm | C50: Hayven Garrett | D50: =SUM(E50:K50,L50:R50)/2 -> 40 | F50: 8 | G50: 8 | H50: 8 | J50: 8 | K50: 8 | L50: 8 | M50: 8 | N50: 8 | P50: 8 | Q50: 8
A51: Pool | B51: 1:30pm-10:00pm | C51: Kyle Jones | D51: =SUM(E51:K51,L51:R51)/2 -> 40 | E51: 8 | G51: 8 | H51: 8 | I51: 8 | J51: 8 | M51: 8 | N51: 8 | O51: 8 | P51: 8 | R51: 8
A52: Pool | B52: 1:30pm-10:00pm | C52: James Jones | D52: =SUM(E52:K52,L52:R52)/2 -> 40 | F52: 8 | G52: 8 | H52: 8 | I52: 8 | K52: 8 | L52: 8 | M52: 8 | O52: 8 | P52: 8 | Q52: 8
A53: Pool | B53: 1:30pm-10:00pm | C53: Almaz Kelati | D53: =SUM(E53:K53,L53:R53)/2 -> 16 | F53: 8 | G53: 8 | M53: 8 | N53: 8
A54: Pool | B54: 2:00pm-10:00pm | C54: Sheila Bonilla | D54: =SUM(E54:K54,L54:R54)/2 -> 23 | E54: 8 | F54: 7.5 | J54: 7.5 | M54: 7.5 | Q54: 7.5 | R54: 8
C55: Staff by 2pm | E55: =COUNT(E8:E15,E17:E23,#REF!,E27:E31,E33:E37,E39:E42,E44:E44,E46:E46,E48:E53) -> 12 | F55: =COUNT(F8:F15,F17:F23,#REF!,F27:F31,F33:F37,F39:F42,F44:F44,F46:F46,F48:F53) -> 19 | G55: =COUNT(G8:G15,G17:G23,#REF!,G27:G31,G33:G37,G39:G42,G44:G44,G46:G46,G48:G53) -> 18 | H55: =COUNT(H8:H15,H17:H23,#REF!,H27:H31,H33:H37,H39:H42,H44:H44,H46:H46,H48:H53) -> 18 | I55: =COUNT(I8:I15,I17:I23,#REF!,I27:I31,I33:I37,I39:I42,I44:I44,I46:I46,I48:I53) -> 19 | J55: =COUNT(J8:J15,J17:J23,#REF!,J27:J31,J33:J37,J39:J42,J44:J44,J46:J46,J48:J53) -> 18 | K55: =COUNT(K8:K15,K17:K23,#REF!,K27:K31,K33:K37,K39:K42,K44:K44,K46:K46,K48:K53) -> 15 | L55: =COUNT(L8:L15,L17:L23,#REF!,L27:L31,L33:L37,L39:L42,L44:L44,L46:L46,L48:L53) -> 13 | ... R55: =COUNT(R8:R15,R17:R23,#REF!,R27:R31,R33:R37,R39:R42,R44:R44,R46:R46,R48:R53) -> 14
A56: Pool | B56: 2:15pm-10:00pm | C56: Caleb Price | D56: =SUM(E56:K56,L56:R56)/2 -> 29 | F56: 7.25 | G56: 7.25 | I56: 7.25 | J56: 7.25 | M56: 7.25 | N56: 7.25 | P56: 7.25 | Q56: 7.25
A57: Pool | B57: 3:30pm-10:00pm | C57: Almaz Kelati | D57: =SUM(E57:K57,L57:R57)/2 -> 6 | H57: 6 | O57: 6
A58: Pool | B58: 4:30pm-10:00pm | C58: Esmerelda Molina | D58: =SUM(E58:K58,L58:R58)/2 -> 8 | E58: 8 | R58: 8
A59: Pool | B59: 4:30pm-10:00pm | C59: Almaz Kelati | D59: =SUM(E59:K59,L59:R59)/2 -> 10 | I59: 5 | J59: 5 | P59: 5 | Q59: 5
C60: Staff at 2:30pm | E60: =COUNT(E17:E23,#REF!,E27:E31,E33:E37,E39:E42,E44:E44,E46:E46,E48:E54,E56) -> 10 | F60: =COUNT(F17:F23,#REF!,F27:F31,F33:F37,F39:F42,F44:F44,F46:F46,F48:F54,F56) -> 17 | G60: =COUNT(G17:G23,#REF!,G27:G31,G33:G37,G39:G42,G44:G44,G46:G46,G48:G54,G56) -> 16 | H60: =COUNT(H17:H23,#REF!,H27:H31,H33:H37,H39:H42,H44:H44,H46:H46,H48:H54,H56) -> 15 | I60: =COUNT(I17:I23,#REF!,I27:I31,I33:I37,I39:I42,I44:I44,I46:I46,I48:I54,I56) -> 16 | J60: =COUNT(J17:J23,#REF!,J27:J31,J33:J37,J39:J42,J44:J44,J46:J46,J48:J54,J56) -> 17 | K60: =COUNT(K17:K23,#REF!,K27:K31,K33:K37,K39:K42,K44:K44,K46:K46,K48:K54,K56) -> 11 | L60: =COUNT(L17:L23,#REF!,L27:L31,L33:L37,L39:L42,L44:L44,L46:L46,L48:L54,L56) -> 10 | ... R60: =COUNT(R17:R23,#REF!,R27:R31,R33:R37,R39:R42,R44:R44,R46:R46,R48:R54,R56) -> 11
C61: Staff at 3:30pm | E61: =COUNT(#REF!,E27:E31,E33:E37,E39:E42,E44:E44,E46:E46,E48:E54,E56:E57) -> 9 | F61: =COUNT(#REF!,F27:F31,F33:F37,F39:F42,F44:F44,F46:F46,F48:F54,F56:F57) -> 13 | G61: =COUNT(#REF!,G27:G31,G33:G37,G39:G42,G44:G44,G46:G46,G48:G54,G56:G57) -> 13 | H61: =COUNT(#REF!,H27:H31,H33:H37,H39:H42,H44:H44,H46:H46,H48:H54,H56:H57) -> 12 | I61: =COUNT(#REF!,I27:I31,I33:I37,I39:I42,I44:I44,I46:I46,I48:I54,I56:I57) -> 11 | J61: =COUNT(#REF!,J27:J31,J33:J37,J39:J42,J44:J44,J46:J46,J48:J54,J56:J57) -> 13 | K61: =COUNT(#REF!,K27:K31,K33:K37,K39:K42,K44:K44,K46:K46,K48:K54,K56:K57) -> 9 | L61: =COUNT(#REF!,L27:L31,L33:L37,L39:L42,L44:L44,L46:L46,L48:L54,L56:L57) -> 9 | ... R61: =COUNT(#REF!,R27:R31,R33:R37,R39:R42,R44:R44,R46:R46,R48:R54,R56:R57) -> 9
C62: Staff at 4:30pm | E62: =COUNT(E27:E31,E33:E37,E39:E42,E44:E44,E46:E46,E48:E54,E56:E59) -> 10 | F62: =COUNT(F27:F31,F33:F37,F39:F42,F44:F44,F46:F46,F48:F54,F56:F59) -> 13 | G62: =COUNT(G27:G31,G33:G37,G39:G42,G44:G44,G46:G46,G48:G54,G56:G59) -> 13 | H62: =COUNT(H27:H31,H33:H37,H39:H42,H44:H44,H46:H46,H48:H54,H56:H59) -> 12 | I62: =COUNT(I27:I31,I33:I37,I39:I42,I44:I44,I46:I46,I48:I54,I56:I59) -> 12 | J62: =COUNT(J27:J31,J33:J37,J39:J42,J44:J44,J46:J46,J48:J54,J56:J59) -> 14 | K62: =COUNT(K27:K31,K33:K37,K39:K42,K44:K44,K46:K46,K48:K54,K56:K59) -> 9 | L62: =COUNT(L27:L31,L33:L37,L39:L42,L44:L44,L46:L46,L48:L54,L56:L59) -> 9 | ... R62: =COUNT(R27:R31,R33:R37,R39:R42,R44:R44,R46:R46,R48:R54,R56:R59) -> 10
C63: Staff at 5:30pm | E63: =COUNT(E33:E37,E39:E42,E44:E44,E46:E46,E48:E54,E56:E59,#REF!) -> 9 | F63: =COUNT(F33:F37,F39:F42,F44:F44,F46:F46,F48:F54,F56:F59,#REF!) -> 11 | G63: =COUNT(G33:G37,G39:G42,G44:G44,G46:G46,G48:G54,G56:G59,#REF!) -> 12 | H63: =COUNT(H33:H37,H39:H42,H44:H44,H46:H46,H48:H54,H56:H59,#REF!) -> 10 | I63: =COUNT(I33:I37,I39:I42,I44:I44,I46:I46,I48:I54,I56:I59,#REF!) -> 10 | J63: =COUNT(J33:J37,J39:J42,J44:J44,J46:J46,J48:J54,J56:J59,#REF!) -> 13 | K63: =COUNT(K33:K37,K39:K42,K44:K44,K46:K46,K48:K54,K56:K59,#REF!) -> 8 | L63: =COUNT(L33:L37,L39:L42,L44:L44,L46:L46,L48:L54,L56:L59,#REF!) -> 8 | ... R63: =COUNT(R33:R37,R39:R42,R44:R44,R46:R46,R48:R54,R56:R59,#REF!) -> 9
C64: Staff at 6:30pm | E64: =COUNT(E39:E42,E44:E44,E46:E46,E48:E54,E56:E59,#REF!) -> 8 | F64: =COUNT(F39:F42,F44:F44,F46:F46,F48:F54,F56:F59,#REF!) -> 8 | G64: =COUNT(G39:G42,G44:G44,G46:G46,G48:G54,G56:G59,#REF!) -> 9 | H64: =COUNT(H39:H42,H44:H44,H46:H46,H48:H54,H56:H59,#REF!) -> 8 | I64: =COUNT(I39:I42,I44:I44,I46:I46,I48:I54,I56:I59,#REF!) -> 9 | J64: =COUNT(J39:J42,J44:J44,J46:J46,J48:J54,J56:J59,#REF!) -> 9 | K64: =COUNT(K39:K42,K44:K44,K46:K46,K48:K54,K56:K59,#REF!) -> 7 | L64: =COUNT(L39:L42,L44:L44,L46:L46,L48:L54,L56:L59,#REF!) -> 7 | ... R64: =COUNT(R39:R42,R44:R44,R46:R46,R48:R54,R56:R59,#REF!) -> 8
C65: Staff at 7:30pm | E65: =COUNT(E42,E44:E44,E46:E46,E48:E54,E56:E59,#REF!) -> 7 | F65: =COUNT(F42,F44:F44,F46:F46,F48:F54,F56:F59,#REF!) -> 7 | G65: =COUNT(G42,G44:G44,G46:G46,G48:G54,G56:G59,#REF!) -> 8 | H65: =COUNT(H42,H44:H44,H46:H46,H48:H54,H56:H59,#REF!) -> 7 | I65: =COUNT(I42,I44:I44,I46:I46,I48:I54,I56:I59,#REF!) -> 7 | J65: =COUNT(J42,J44:J44,J46:J46,J48:J54,J56:J59,#REF!) -> 8 | K65: =COUNT(K42,K44:K44,K46:K46,K48:K54,K56:K59,#REF!) -> 5 | L65: =COUNT(L42,L44:L44,L46:L46,L48:L54,L56:L59,#REF!) -> 5 | ... R65: =COUNT(R42,R44:R44,R46:R46,R48:R54,R56:R59,#REF!) -> 7
C66: Staff at 8:30pm | E66: =COUNT(E42,E46:E46,E48:E54,E56:E59,#REF!) -> 6 | F66: =COUNT(F42,F46:F46,F48:F54,F56:F59,#REF!) -> 7 | G66: =COUNT(G42,G46:G46,G48:G54,G56:G59,#REF!) -> 7 | H66: =COUNT(H42,H46:H46,H48:H54,H56:H59,#REF!) -> 6 | I66: =COUNT(I42,I46:I46,I48:I54,I56:I59,#REF!) -> 6 | J66: =COUNT(J42,J46:J46,J48:J54,J56:J59,#REF!) -> 7 | K66: =COUNT(K42,K46:K46,K48:K54,K56:K59,#REF!) -> 5 | L66: =COUNT(L42,L46:L46,L48:L54,L56:L59,#REF!) -> 5 | ... R66: =COUNT(R42,R46:R46,R48:R54,R56:R59,#REF!) -> 6
C67: Staff by 9:30pm | E67: =COUNT(E42,E48:E54,E56:E59,#REF!) -> 5 | F67: =COUNT(F42,F48:F54,F56:F59,#REF!) -> 6 | G67: =COUNT(G42,G48:G54,G56:G59,#REF!) -> 7 | H67: =COUNT(H42,H48:H54,H56:H59,#REF!) -> 5 | I67: =COUNT(I42,I48:I54,I56:I59,#REF!) -> 5 | J67: =COUNT(J42,J48:J54,J56:J59,#REF!) -> 6 | K67: =COUNT(K42,K48:K54,K56:K59,#REF!) -> 5 | L67: =COUNT(L42,L48:L54,L56:L59,#REF!) -> 5 | ... R67: =COUNT(R42,R48:R54,R56:R59,#REF!) -> 5
C68: Staff at 10:00pm | E68: =COUNT(#REF!) -> 0 | F68: =COUNT(#REF!) -> 0 | G68: =COUNT(#REF!) -> 0 | H68: =COUNT(#REF!) -> 0 | I68: =COUNT(#REF!) -> 0 | J68: =COUNT(#REF!) -> 0 | K68: =COUNT(#REF!) -> 0 | L68: =COUNT(#REF!) -> 0 | ... R68: =COUNT(#REF!) -> 0
A69: Zones
A70: Equipment | B70: 8:00am-11:00am | C70: Marcelette Jones | D70: =SUM(E70:K70,L70:R70)/2 -> 19 | F70: 7.5 | G70: 7.5 | H70: 4 | M70: 7.5 | N70: 7.5 | O70: 4
A71: ER | B71: 12:00pm-10:00pm | C71: Angela Doering | D71: =SUM(E71:K71,L71:R71)/2 -> 38 | F71: 9.5 | G71: 9.5 | H71: 9.5 | I71: 9.5 | M71: 9.5 | N71: 9.5 | O71: 9.5 | P71: 9.5
A72: ER | B72: 12:00pm-10:00pm | C72: Mark Huckle | D72: =SUM(E72:K72,L72:R72)/2 -> 38 | E72: 9.5 | F72: 9.5 | J72: 9.5 | K72: 9.5 | L72: 9.5 | M72: 9.5 | Q72: 9.5 | R72: 9.5
B73: Scheduled Elsewere | C73: (ED Transporter 1)
B74: COMP DATE (Tentative) | C74: (ED Transporter 2)
E75: =SUM(E7:E15,E17:E24,E27:E31,E33:E37,E39:E42,E44:E44,E46:E46,E48:E54,E56:E59,E70:E74) -> 128.5 | F75: =SUM(F7:F15,F17:F24,F27:F31,F33:F37,F39:F42,F44:F44,F46:F46,F48:F54,F56:F59,F70:F74) -> 200.25 | G75: =SUM(G7:G15,G17:G24,G27:G31,G33:G37,G39:G42,G44:G44,G46:G46,G48:G54,G56:G59,G70:G74) -> 180.25 | H75: =SUM(H7:H15,H17:H24,H27:H31,H33:H37,H39:H42,H44:H44,H46:H46,H48:H54,H56:H59,H70:H74) -> 175.5 | I75: =SUM(I7:I15,I17:I24,I27:I31,I33:I37,I39:I42,I44:I44,I46:I46,I48:I54,I56:I59,I70:I74) -> 180.75 | J75: =SUM(J7:J15,J17:J24,J27:J31,J33:J37,J39:J42,J44:J44,J46:J46,J48:J54,J56:J59,J70:J74) -> 182.25 | K75: =SUM(K7:K15,K17:K24,K27:K31,K33:K37,K39:K42,K44:K44,K46:K46,K48:K54,K56:K59,K70:K74) -> 131.5 | L75: =SUM(L7:L15,L17:L24,L27:L31,L33:L37,L39:L42,L44:L44,L46:L46,L48:L54,L56:L59,L70:L74) -> 120.5 | ... R75: =SUM(R7:R15,R17:R24,R27:R31,R33:R37,R39:R42,R44:R44,R46:R46,R48:R54,R56:R59,R70:R74) -> 139.5
E76: =E75/8 -> 16.0625 | F76: =F75/8 -> 25.03125 | G76: =G75/8 -> 22.53125 | H76: =H75/8 -> 21.9375 | I76: =I75/8 -> 22.59375 | J76: =J75/8 -> 22.78125 | K76: =K75/8 -> 16.4375 | L76: =L75/8 -> 15.0625 | ... R76: =R75/8 -> 17.4375
D77: WEEK 1 | F77: HOURS | H77: THRESHOLD FTEs: | J77: HOURS | L77: WEEK 2 | M77: FTEs: | N77: HOURS | P77: THRESHOLD FTEs: | R77: HOURS
D78: Budgeted: | E78: 27.5 | F78: =E78* 40 & "hrs" -> 1100hrs | H78: Min: | I78: 25.93 | J78: 1037.2hrs | L78: Budgeted: | M78: 27.5 | N78: =M78* 40 & "hrs" -> 1100hrs | P78: Min: | Q78: 25.93 | R78: 1037.2hrs
D79: Actual: | E79: =SUM(E75:K75)/40 -> 29.475 | F79: =E79* 40 & "hrs" -> 1179hrs | H79: FTEs: | I79: =SUM(E75:K75)/40 -> 29.475 | J79: =I79*40 & "hrs" -> 1179hrs | L79: Actual: | M79: =SUM(L75:R75)/40 -> 29.4 | N79: =M79* 40 & "hrs" -> 1176hrs | P79: FTEs: | Q79: =SUM(L75:R75)/40 -> 29.4 | R79: =Q79*40 & "hrs" -> 1176hrs
D80: Training: | E80: =COUNTIFS(E7:K76, "T")*8/40 -> 0 | F80: =E80* 40 & "hrs" -> 0hrs | H80: Max: | I80: 29.07 | J80: 1162.8hrs | L80: Training: | M80: =COUNTIFS(L7:R76, "T")*8/40 -> 0 | N80: =M80* 40 & "hrs" -> 0hrs | P80: Max: | Q80: 29.07 | R80: 1162.8hrs
I82: 27.5

Sheet Master 9.20 (Sam Edits)
A1: Patient Transportation
A2: Texas Health Dallas
E4: Week 1 | L4: Week 2 | U4: Time | V4: # of Staff
E5: 46285 | F5: 46286 | G5: 46287 | H5: 46288 | I5: 46289 | J5: 46290 | K5: 46291 | L5: 46292 | M5: 46293 | N5: 46294 | O5: 46295 | P5: 46296 | Q5: 46297 | R5: 46298 | S5: 46285 | U5: 0.25 | V5: =ROUNDDOWN(MODE(E16:R16),0) -> 4
A6: Duty | B6: Shift | C6: Name | D6: Hrs | E6: S | F6: M | G6: T | H6: W | I6: T | J6: F | K6: S | L6: S | M6: M | N6: T | O6: W | P6: T | Q6: F | R6: S | S6: S | U6: 0.29166667 | V6: =ROUNDDOWN(MODE(E25:R25),0) -> 9
A7: Pool | B7: 6:00am-1:30pm | C7: Kojo Boakye | D7: =SUM(E7:K7,L7:R7)/2 -> 35 | F7: 7 | G7: 7 | H7: 7 | I7: 7 | J7: 7 | M7: 7 | N7: 7 | O7: 7 | P7: 7 | Q7: 7 | U7: 0.33333333 | V7: =ROUNDDOWN(AVERAGE(E26:R26),0) -> 8
A8: Pool | B8: 6:00am-2:30pm | C8: Eddy Toledo | D8: =SUM(E8:K8,L8:R8)/2 -> 40 | F8: 8 | G8: 8 | H8: 8 | I8: 8 | K8: 8 | L8: 8 | M8: 8 | N8: 8 | P8: 8 | Q8: 8 | U8: 0.375 | V8: =ROUNDDOWN(MODE(E32:R32),0) -> 12
A9: Pool | B9: 6:00am-2:30pm | C9: Almaz Kidane | D9: =SUM(E9:K9,L9:R9)/2 -> 40 | F9: 8 | G9: 8 | H9: 8 | I9: 8 | J9: 8 | M9: 8 | N9: 8 | O9: 8 | P9: 8 | Q9: 8 | U9: 0.41666667 | V9: =ROUNDDOWN(AVERAGE(E38:R38),0) -> 12
A10: Pool | B10: 6:00am-2:30pm | C10: Marco Mendez | D10: =SUM(E10:K10,L10:R10)/2 -> 40 | E10: 8 | F10: 8 | H10: 8 | I10: 8 | J10: 8 | M10: 8 | N10: 8 | O10: 8 | P10: 8 | R10: 8 | S10: 8 | U10: 0.45833333 | V10: =ROUNDDOWN(AVERAGE(E43:R43),0) -> 13
A11: Pool | B11: 6:00am-2:30pm | C11: Mildred Alvarado | D11: =SUM(E11:K11,L11:R11)/2 -> 40 | F11: 8 | G11: 8 | I11: 8 | J11: 8 | K11: 8 | L11: 8 | N11: 8 | O11: 8 | P11: 8 | Q11: 8 | U11: 0.5 | V11: =ROUNDDOWN(AVERAGE(E45:R45),0) -> 14
A12: Pool | B12: 6:00am-2:30pm | C12: Adhika Tahija | D12: =SUM(E12:K12,L12:R12)/2 -> 8 | E12: 8 | R12: 8 | S12: 8 | U12: 0.54166667 | V12: =ROUNDDOWN(AVERAGE(E47:R47),0) -> 14
A13: Pool | B13: 6:00am-2:30pm | C13: Alexa Ledezma | D13: =SUM(E13:K13,L13:R13)/2 -> 8 | K13: 8 | L13: 8 | U13: 0.58333333 | V13: =ROUNDDOWN(AVERAGE(E55:R55),0) -> 17
A14: Pool | B14: 6:00am-2:30pm | C14: Aaron Hoglund | D14: =SUM(E14:K14,L14:R14)/2 -> 8 | E14: 8 | R14: 8 | S14: 8 | U14: 0.625 | V14: =ROUNDDOWN(AVERAGE(E60:R60),0) -> 15
A15: Pool | B15: 6:00am-2:30pm | C15: Almaz Kelati | D15: =SUM(E15:K15,L15:R15)/2 -> 8 | K15: 8 | R15: 8 | U15: 0.66666667 | V15: =ROUNDDOWN(AVERAGE(E61:R61),0) -> 11
C16: Staff by 6am | E16: =COUNT(E7:E15) -> 3 | F16: =COUNT(F7:F15) -> 5 | G16: =COUNT(G7:G15) -> 4 | H16: =COUNT(H7:H15) -> 4 | I16: =COUNT(I7:I15) -> 5 | J16: =COUNT(J7:J15) -> 4 | K16: =COUNT(K7:K15) -> 4 | L16: =COUNT(L7:L15) -> 3 | ... S16: =COUNT(S7:S15) -> 3 | U16: 0.70833333 | V16: =ROUNDDOWN(AVERAGE(E62:R62),0) -> 11
A17: Pool | B17: 7:00am-3:30pm | C17: Chase Pope | D17: =SUM(E17:K17,L17:R17)/2 -> 40 | F17: 8 | H17: 8 | I17: 8 | J17: 8 | K17: 8 | L17: 8 | N17: 8 | O17: 8 | P17: 8 | Q17: 8 | U17: 0.75 | V17: =ROUNDDOWN(AVERAGE(E63:R63),0) -> 10
A18: Pool | B18: 7:00am-3:30pm | C18: Alexa Ledezma | D18: =SUM(E18:K18,L18:R18)/2 -> 32 | F18: 8 | G18: 8 | H18: 8 | I18: 8 | M18: 8 | O18: 8 | P18: 8 | Q18: 8 | U18: 0.79166667 | V18: =ROUNDDOWN(AVERAGE(E64:R64),0) -> 8
A19: Pool | B19: 7:00am-3:30pm | C19: Raquel Cardoso | D19: =SUM(E19:K19,L19:R19)/2 -> 8 | K19: 8 | R19: 8 | U19: 0.83333333 | V19: =ROUNDDOWN(AVERAGE(E65:R65),0) -> 7
A20: Open | B20: 7:00am-3:30pm | C20: Open | D20: =SUM(E20:K20,L20:R20)/2 -> 32 | F20: 8 | G20: 8 | H20: 8 | K20: 8 | L20: 8 | M20: 8 | O20: 8 | P20: 8 | U20: 0.875 | V20: =ROUNDDOWN(AVERAGE(E66:R66),0) -> 6
A21: Pool | B21: 7:00am-3:30pm | C21: Demetrius White | D21: =SUM(E21:K21,L21:R21)/2 -> 40 | E21: 8 | F21: 8 | H21: 8 | I21: 8 | J21: 8 | M21: 8 | N21: 8 | O21: 8 | Q21: 8 | R21: 8 | S21: 8
A22: Pool | B22: 7:00am-3:30pm | C22: Esmerelda Molina | D22: =SUM(E22:K22,L22:R22)/2 -> 28 | E22: 8 | G22: 8 | I22: 8 | J22: 8 | N22: 8 | Q22: 8 | R22: 8 | S22: 8 | U22: 0.91666667 | V22: =ROUNDDOWN(AVERAGE('[1]Master as of 2.17.25'!E61:R61), 0) -> 4
A23: Pool | B23: 7:00am-3:30pm | C23: Ruth Brown | D23: =SUM(E23:K23,L23:R23)/2 -> 40 | F23: 8 | G23: 8 | H23: 8 | I23: 8 | J23: 8 | M23: 8 | N23: 8 | O23: 8 | P23: 8 | Q23: 8
A24: Pool | B24: 7:30am-12:30pm | C24: Jackie Wilson | D24: =SUM(E24:K24,L24:R24)/2 -> 17.5 | E24: 5 | G24: 5 | H24: 5 | L24: 5 | M24: 5 | N24: 5 | P24: 5 | S24: 5
C25: Staff by 7am | E25: =COUNT(E7:E15,E17:E23) -> 5 | F25: =COUNT(F7:F15,F17:F23) -> 10 | G25: =COUNT(G7:G15,G17:G23) -> 8 | H25: =COUNT(H7:H15,H17:H23) -> 9 | I25: =COUNT(I7:I15,I17:I23) -> 10 | J25: =COUNT(J7:J15,J17:J23) -> 8 | K25: =COUNT(K7:K15,K17:K23) -> 7 | L25: =COUNT(L7:L15,L17:L23) -> 5 | ... S25: =COUNT(S7:S15,S17:S23) -> 5
C26: Staff by 8am | E26: =COUNT(E7:E15,E17:E24,#REF!) -> 6 | F26: =COUNT(F7:F15,F17:F24,#REF!) -> 10 | G26: =COUNT(G7:G15,G17:G24,#REF!) -> 9 | H26: =COUNT(H7:H15,H17:H24,#REF!) -> 10 | I26: =COUNT(I7:I15,I17:I24,#REF!) -> 10 | J26: =COUNT(J7:J15,J17:J24,#REF!) -> 8 | K26: =COUNT(K7:K15,K17:K24,#REF!) -> 7 | L26: =COUNT(L7:L15,L17:L24,#REF!) -> 6 | ... S26: =COUNT(S7:S15,S17:S24,#REF!) -> 6
A27: Pool | B27: 9:00am-5:30pm | C27: Joshua Thompson | D27: =SUM(E27:K27,L27:R27)/2 -> 32 | F27: 8 | G27: 8 | I27: 8 | J27: 8 | M27: 8 | O27: 8 | P27: 8 | Q27: 8
A28: Pool | B28: 9:00am-5:30pm | C28: Adhika Tahija | D28: =SUM(E28:K28,L28:R28)/2 -> 8 | F28: 8 | M28: 8
A29: Pool | B29: 9:00am-5:30pm | C29: Aaron Hoglund | D29: =SUM(E29:K29,L29:R29)/2 -> 8 | H29: 8 | O29: 8
A30: Pool | B30: 9:00am-5:30pm | C30: Raquel Cardoso | D30: =SUM(E30:K30,L30:R30)/2 -> 16 | H30: 8 | I30: 8 | O30: 8 | P30: 8
A31: Pool | B31: 9:00am-5:30pm | C31: Gilberto Santos | D31: =SUM(E31:K31,L31:R31)/2 -> 16 | E31: 8 | K31: 8 | L31: 8 | R31: 8 | S31: 8
C32: Staff by 9am | E32: =COUNT(E7:E15,E17:E24,#REF!,E27:E31) -> 7 | F32: =COUNT(F7:F15,F17:F24,#REF!,F27:F31) -> 12 | G32: =COUNT(G7:G15,G17:G24,#REF!,G27:G31) -> 10 | H32: =COUNT(H7:H15,H17:H24,#REF!,H27:H31) -> 12 | I32: =COUNT(I7:I15,I17:I24,#REF!,I27:I31) -> 12 | J32: =COUNT(J7:J15,J17:J24,#REF!,J27:J31) -> 9 | K32: =COUNT(K7:K15,K17:K24,#REF!,K27:K31) -> 8 | L32: =COUNT(L7:L15,L17:L24,#REF!,L27:L31) -> 7 | ... S32: =COUNT(S7:S15,S17:S24,#REF!,S27:S31) -> 7
A33: Pool | B33: 10:00am-6:30pm | C33: Adhika Tahija | D33: =SUM(E33:K33,L33:R33)/2 -> 16 | G33: 8 | J33: 8 | O33: 8 | Q33: 8
A34: Pool | B34: 10:00am-6:30pm | C34: Maxwell Miller | D34: =SUM(E34:K34,L34:R34)/2 -> 32 | F34: 8 | G34: 8 | H34: 8 | J34: 8 | M34: 8 | N34: 8 | O34: 8 | Q34: 8
A35: Pool | B35: 10:00am-6:30pm | C35: Joshua Thompson | D35: =SUM(E35:K35,L35:R35)/2 -> 8 | K35: 8 | L35: 8
A36: Pool | B36: 10:00am-6:30pm | C36: Blair Alexander | D36: =SUM(E36:K36,L36:R36)/2 -> 40 | E36: 8 | F36: 8 | H36: 8 | I36: 8 | J36: 8 | M36: 8 | N36: 8 | O36: 8 | P36: 8 | R36: 8 | S36: 8
A37: Pool | B37: 10:00am-6:30pm | C37: Aaron Hoglund | D37: =SUM(E37:K37,L37:R37)/2 -> 24 | F37: 8 | G37: 8 | J37: 8 | M37: 8 | N37: 8 | Q37: 8
C38: Staff by 10am | E38: =COUNT(E7:E15,E17:E24,#REF!,E27:E31,E33:E37) -> 8 | F38: =COUNT(F7:F15,F17:F24,#REF!,F27:F31,F33:F37) -> 15 | G38: =COUNT(G7:G15,G17:G24,#REF!,G27:G31,G33:G37) -> 13 | H38: =COUNT(H7:H15,H17:H24,#REF!,H27:H31,H33:H37) -> 14 | I38: =COUNT(I7:I15,I17:I24,#REF!,I27:I31,I33:I37) -> 13 | J38: =COUNT(J7:J15,J17:J24,#REF!,J27:J31,J33:J37) -> 13 | K38: =COUNT(K7:K15,K17:K24,#REF!,K27:K31,K33:K37) -> 9 | L38: =COUNT(L7:L15,L17:L24,#REF!,L27:L31,L33:L37) -> 8 | ... S38: =COUNT(S7:S15,S17:S24,#REF!,S27:S31,S33:S37) -> 8
A39: Pool | B39: 11:00am-7:30pm | C39: Maxwell Miller | D39: =SUM(E39:K39,L39:R39)/2 -> 8 | K39: 8 | L39: 8
A40: Off Ext | B40: 11:00am-7:30pm | C40: De'Ana Humphrey | D40: =SUM(E40:K40,L40:R40)/2 -> 40 | F40: 8 | G40: 8 | I40: 8 | J40: 8 | K40: 8 | L40: 8 | N40: 8 | O40: 8 | P40: 8 | Q40: 8
A41: Pool | B41: 11:00am-7:30pm | C41: Juan Molina | D41: =SUM(E41:K41,L41:R41)/2 -> 24 | E41: 8 | H41: 8 | I41: 8 | O41: 8 | P41: 8 | R41: 8 | S41: 8
A42: Pool | B42: 11:30am-10:00pm | C42: Eduardo Lopez | D42: =SUM(E42:K42,L42:R42)/2 -> 30 | E42: 10 | J42: 10 | K42: 10 | L42: 10 | Q42: 10 | R42: 10 | S42: 10
C43: Staff by 11am | E43: =COUNT(E7:E15,E17:E24,#REF!,E27:E31,E33:E37,E39:E41) -> 9 | F43: =COUNT(F7:F15,F17:F24,#REF!,F27:F31,F33:F37,F39:F41) -> 16 | G43: =COUNT(G7:G15,G17:G24,#REF!,G27:G31,G33:G37,G39:G41) -> 14 | H43: =COUNT(H7:H15,H17:H24,#REF!,H27:H31,H33:H37,H39:H41) -> 15 | I43: =COUNT(I7:I15,I17:I24,#REF!,I27:I31,I33:I37,I39:I41) -> 15 | J43: =COUNT(J7:J15,J17:J24,#REF!,J27:J31,J33:J37,J39:J41) -> 14 | K43: =COUNT(K7:K15,K17:K24,#REF!,K27:K31,K33:K37,K39:K41) -> 11 | L43: =COUNT(L7:L15,L17:L24,#REF!,L27:L31,L33:L37,L39:L41) -> 10 | ... S43: =COUNT(S7:S15,S17:S24,#REF!,S27:S31,S33:S37,S39:S41) -> 9
A44: Off Ext | B44: 12:00pm-8:30pm | C44: Aleya Roberts | D44: =SUM(E44:K44,L44:R44)/2 -> 40 | E44: 8 | G44: 8 | H44: 8 | I44: 8 | J44: 8 | M44: 8 | N44: 8 | O44: 8 | P44: 8 | R44: 8 | S44: 8
C45: Staff by 12pm | E45: =COUNT(E7:E15,E17:E24,#REF!,E27:E31,E33:E37,E39:E42,E44:E44) -> 11 | F45: =COUNT(F7:F15,F17:F24,#REF!,F27:F31,F33:F37,F39:F42,F44:F44) -> 16 | G45: =COUNT(G7:G15,G17:G24,#REF!,G27:G31,G33:G37,G39:G42,G44:G44) -> 15 | H45: =COUNT(H7:H15,H17:H24,#REF!,H27:H31,H33:H37,H39:H42,H44:H44) -> 16 | I45: =COUNT(I7:I15,I17:I24,#REF!,I27:I31,I33:I37,I39:I42,I44:I44) -> 16 | J45: =COUNT(J7:J15,J17:J24,#REF!,J27:J31,J33:J37,J39:J42,J44:J44) -> 16 | K45: =COUNT(K7:K15,K17:K24,#REF!,K27:K31,K33:K37,K39:K42,K44:K44) -> 12 | L45: =COUNT(L7:L15,L17:L24,#REF!,L27:L31,L33:L37,L39:L42,L44:L44) -> 11 | ... S45: =COUNT(S7:S15,S17:S24,#REF!,S27:S31,S33:S37,S39:S42,S44:S44) -> 11
A46: Pool | B46: 1:00pm-9:30pm | C46: Montell Taylor | D46: =SUM(E46:K46,L46:R46)/2 -> 40 | F46: 8 | G46: 8 | H46: 8 | I46: 8 | K46: 8 | L46: 8 | M46: 8 | N46: 8 | P46: 8 | Q46: 8
C47: Staff by 1pm | E47: =COUNT(E7:E15,E17:E23,#REF!,E27:E31,E33:E37,E39:E42,E44:E44,E46:E46) -> 10 | F47: =COUNT(F7:F15,F17:F23,#REF!,F27:F31,F33:F37,F39:F42,F44:F44,F46:F46) -> 17 | G47: =COUNT(G7:G15,G17:G23,#REF!,G27:G31,G33:G37,G39:G42,G44:G44,G46:G46) -> 15 | H47: =COUNT(H7:H15,H17:H23,#REF!,H27:H31,H33:H37,H39:H42,H44:H44,H46:H46) -> 16 | I47: =COUNT(I7:I15,I17:I23,#REF!,I27:I31,I33:I37,I39:I42,I44:I44,I46:I46) -> 17 | J47: =COUNT(J7:J15,J17:J23,#REF!,J27:J31,J33:J37,J39:J42,J44:J44,J46:J46) -> 16 | K47: =COUNT(K7:K15,K17:K23,#REF!,K27:K31,K33:K37,K39:K42,K44:K44,K46:K46) -> 13 | L47: =COUNT(L7:L15,L17:L23,#REF!,L27:L31,L33:L37,L39:L42,L44:L44,L46:L46) -> 11 | ... S47: =COUNT(S7:S15,S17:S23,#REF!,S27:S31,S33:S37,S39:S42,S44:S44,S46:S46) -> 10
A48: Pool | B48: 1:30pm-10:00pm | C48: Gibran Ramos | D48: =SUM(E48:K48,L48:R48)/2 -> 40 | F48: 8 | G48: 8 | H48: 8 | I48: 8 | K48: 8 | L48: 8 | N48: 8 | O48: 8 | P48: 8 | Q48: 8
A49: Off Ext | B49: 1:30pm-10:00pm | C49: Najaf Ali | D49: =SUM(E49:K49,L49:R49)/2 -> 24 | E49: 8 | G49: 8 | K49: 8 | L49: 8 | N49: 8 | R49: 8 | S49: 8
A50: Pool | B50: 1:30pm-10:00pm | C50: Hayven Garrett | D50: =SUM(E50:K50,L50:R50)/2 -> 40 | E50: 8 | F50: 8 | H50: 8 | I50: 8 | J50: 8 | M50: 8 | N50: 8 | P50: 8 | Q50: 8 | R50: 8 | S50: 8
A51: Off Ext | B51: 1:30pm-10:00pm | C51: Kyle Jones | D51: =SUM(E51:K51,L51:R51)/2 -> 40 | E51: 8 | G51: 8 | H51: 8 | I51: 8 | J51: 8 | M51: 8 | N51: 8 | O51: 8 | P51: 8 | R51: 8 | S51: 8
A52: Pool | B52: 1:30pm-10:00pm | C52: James Jones | D52: =SUM(E52:K52,L52:R52)/2 -> 40 | F52: 8 | G52: 8 | H52: 8 | I52: 8 | K52: 8 | L52: 8 | M52: 8 | O52: 8 | P52: 8 | Q52: 8
A53: Pool | B53: 1:30pm-10:00pm | C53: Almaz Kelati | D53: =SUM(E53:K53,L53:R53)/2 -> 16 | F53: 8 | G53: 8 | M53: 8 | N53: 8
A54: Pool | B54: 2:00pm-10:00pm | C54: Sheila Bonilla | D54: =SUM(E54:K54,L54:R54)/2 -> 23 | E54: 8 | F54: 7.5 | J54: 7.5 | M54: 7.5 | Q54: 7.5 | R54: 8 | S54: 8
C55: Staff by 2pm | E55: =COUNT(E8:E15,E17:E23,#REF!,E27:E31,E33:E37,E39:E42,E44:E44,E46:E46,E48:E53) -> 13 | F55: =COUNT(F8:F15,F17:F23,#REF!,F27:F31,F33:F37,F39:F42,F44:F44,F46:F46,F48:F53) -> 20 | G55: =COUNT(G8:G15,G17:G23,#REF!,G27:G31,G33:G37,G39:G42,G44:G44,G46:G46,G48:G53) -> 19 | H55: =COUNT(H8:H15,H17:H23,#REF!,H27:H31,H33:H37,H39:H42,H44:H44,H46:H46,H48:H53) -> 19 | I55: =COUNT(I8:I15,I17:I23,#REF!,I27:I31,I33:I37,I39:I42,I44:I44,I46:I46,I48:I53) -> 20 | J55: =COUNT(J8:J15,J17:J23,#REF!,J27:J31,J33:J37,J39:J42,J44:J44,J46:J46,J48:J53) -> 17 | K55: =COUNT(K8:K15,K17:K23,#REF!,K27:K31,K33:K37,K39:K42,K44:K44,K46:K46,K48:K53) -> 16 | L55: =COUNT(L8:L15,L17:L23,#REF!,L27:L31,L33:L37,L39:L42,L44:L44,L46:L46,L48:L53) -> 14 | ... S55: =COUNT(S8:S15,S17:S23,#REF!,S27:S31,S33:S37,S39:S42,S44:S44,S46:S46,S48:S53) -> 13
A56: Pool | B56: 2:15pm-10:00pm | C56: Caleb Price | D56: =SUM(E56:K56,L56:R56)/2 -> 29 | F56: 7.25 | G56: 7.25 | I56: 7.25 | J56: 7.25 | M56: 7.25 | N56: 7.25 | P56: 7.25 | Q56: 7.25
A57: Pool | B57: 3:30pm-10:00pm | C57: Almaz Kelati | D57: =SUM(E57:K57,L57:R57)/2 -> 6 | H57: 6 | O57: 6
A58: Pool | B58: 4:30pm-10:00pm | C58: Esmerelda Molina | D58: =SUM(E58:K58,L58:R58)/2 -> 7.5 | H58: 5 | M58: 5 | O58: 5
A59: Pool | B59: 4:30pm-10:00pm | C59: Almaz Kelati | D59: =SUM(E59:K59,L59:R59)/2 -> 10 | I59: 5 | J59: 5 | P59: 5 | Q59: 5
C60: Staff at 2:30pm | E60: =COUNT(E17:E23,#REF!,E27:E31,E33:E37,E39:E42,E44:E44,E46:E46,E48:E54,E56) -> 11 | F60: =COUNT(F17:F23,#REF!,F27:F31,F33:F37,F39:F42,F44:F44,F46:F46,F48:F54,F56) -> 18 | G60: =COUNT(G17:G23,#REF!,G27:G31,G33:G37,G39:G42,G44:G44,G46:G46,G48:G54,G56) -> 17 | H60: =COUNT(H17:H23,#REF!,H27:H31,H33:H37,H39:H42,H44:H44,H46:H46,H48:H54,H56) -> 16 | I60: =COUNT(I17:I23,#REF!,I27:I31,I33:I37,I39:I42,I44:I44,I46:I46,I48:I54,I56) -> 17 | J60: =COUNT(J17:J23,#REF!,J27:J31,J33:J37,J39:J42,J44:J44,J46:J46,J48:J54,J56) -> 16 | K60: =COUNT(K17:K23,#REF!,K27:K31,K33:K37,K39:K42,K44:K44,K46:K46,K48:K54,K56) -> 12 | L60: =COUNT(L17:L23,#REF!,L27:L31,L33:L37,L39:L42,L44:L44,L46:L46,L48:L54,L56) -> 11 | ... S60: =COUNT(S17:S23,#REF!,S27:S31,S33:S37,S39:S42,S44:S44,S46:S46,S48:S54,S56) -> 11
C61: Staff at 3:30pm | E61: =COUNT(#REF!,E27:E31,E33:E37,E39:E42,E44:E44,E46:E46,E48:E54,E56:E57) -> 9 | F61: =COUNT(#REF!,F27:F31,F33:F37,F39:F42,F44:F44,F46:F46,F48:F54,F56:F57) -> 13 | G61: =COUNT(#REF!,G27:G31,G33:G37,G39:G42,G44:G44,G46:G46,G48:G54,G56:G57) -> 13 | H61: =COUNT(#REF!,H27:H31,H33:H37,H39:H42,H44:H44,H46:H46,H48:H54,H56:H57) -> 12 | I61: =COUNT(#REF!,I27:I31,I33:I37,I39:I42,I44:I44,I46:I46,I48:I54,I56:I57) -> 12 | J61: =COUNT(#REF!,J27:J31,J33:J37,J39:J42,J44:J44,J46:J46,J48:J54,J56:J57) -> 12 | K61: =COUNT(#REF!,K27:K31,K33:K37,K39:K42,K44:K44,K46:K46,K48:K54,K56:K57) -> 9 | L61: =COUNT(#REF!,L27:L31,L33:L37,L39:L42,L44:L44,L46:L46,L48:L54,L56:L57) -> 9 | ... S61: =COUNT(#REF!,S27:S31,S33:S37,S39:S42,S44:S44,S46:S46,S48:S54,S56:S57) -> 9
C62: Staff at 4:30pm | E62: =COUNT(E27:E31,E33:E37,E39:E42,E44:E44,E46:E46,E48:E54,E56:E59) -> 9 | F62: =COUNT(F27:F31,F33:F37,F39:F42,F44:F44,F46:F46,F48:F54,F56:F59) -> 13 | G62: =COUNT(G27:G31,G33:G37,G39:G42,G44:G44,G46:G46,G48:G54,G56:G59) -> 13 | H62: =COUNT(H27:H31,H33:H37,H39:H42,H44:H44,H46:H46,H48:H54,H56:H59) -> 13 | I62: =COUNT(I27:I31,I33:I37,I39:I42,I44:I44,I46:I46,I48:I54,I56:I59) -> 13 | J62: =COUNT(J27:J31,J33:J37,J39:J42,J44:J44,J46:J46,J48:J54,J56:J59) -> 13 | K62: =COUNT(K27:K31,K33:K37,K39:K42,K44:K44,K46:K46,K48:K54,K56:K59) -> 9 | L62: =COUNT(L27:L31,L33:L37,L39:L42,L44:L44,L46:L46,L48:L54,L56:L59) -> 9 | ... S62: =COUNT(S27:S31,S33:S37,S39:S42,S44:S44,S46:S46,S48:S54,S56:S59) -> 9
C63: Staff at 5:30pm | E63: =COUNT(E33:E37,E39:E42,E44:E44,E46:E46,E48:E54,E56:E59,#REF!) -> 8 | F63: =COUNT(F33:F37,F39:F42,F44:F44,F46:F46,F48:F54,F56:F59,#REF!) -> 11 | G63: =COUNT(G33:G37,G39:G42,G44:G44,G46:G46,G48:G54,G56:G59,#REF!) -> 12 | H63: =COUNT(H33:H37,H39:H42,H44:H44,H46:H46,H48:H54,H56:H59,#REF!) -> 11 | I63: =COUNT(I33:I37,I39:I42,I44:I44,I46:I46,I48:I54,I56:I59,#REF!) -> 11 | J63: =COUNT(J33:J37,J39:J42,J44:J44,J46:J46,J48:J54,J56:J59,#REF!) -> 12 | K63: =COUNT(K33:K37,K39:K42,K44:K44,K46:K46,K48:K54,K56:K59,#REF!) -> 8 | L63: =COUNT(L33:L37,L39:L42,L44:L44,L46:L46,L48:L54,L56:L59,#REF!) -> 8 | ... S63: =COUNT(S33:S37,S39:S42,S44:S44,S46:S46,S48:S54,S56:S59,#REF!) -> 8
C64: Staff at 6:30pm | E64: =COUNT(E39:E42,E44:E44,E46:E46,E48:E54,E56:E59,#REF!) -> 7 | F64: =COUNT(F39:F42,F44:F44,F46:F46,F48:F54,F56:F59,#REF!) -> 8 | G64: =COUNT(G39:G42,G44:G44,G46:G46,G48:G54,G56:G59,#REF!) -> 9 | H64: =COUNT(H39:H42,H44:H44,H46:H46,H48:H54,H56:H59,#REF!) -> 9 | I64: =COUNT(I39:I42,I44:I44,I46:I46,I48:I54,I56:I59,#REF!) -> 10 | J64: =COUNT(J39:J42,J44:J44,J46:J46,J48:J54,J56:J59,#REF!) -> 8 | K64: =COUNT(K39:K42,K44:K44,K46:K46,K48:K54,K56:K59,#REF!) -> 7 | L64: =COUNT(L39:L42,L44:L44,L46:L46,L48:L54,L56:L59,#REF!) -> 7 | ... S64: =COUNT(S39:S42,S44:S44,S46:S46,S48:S54,S56:S59,#REF!) -> 7
C65: Staff at 7:30pm | E65: =COUNT(E42,E44:E44,E46:E46,E48:E54,E56:E59,#REF!) -> 6 | F65: =COUNT(F42,F44:F44,F46:F46,F48:F54,F56:F59,#REF!) -> 7 | G65: =COUNT(G42,G44:G44,G46:G46,G48:G54,G56:G59,#REF!) -> 8 | H65: =COUNT(H42,H44:H44,H46:H46,H48:H54,H56:H59,#REF!) -> 8 | I65: =COUNT(I42,I44:I44,I46:I46,I48:I54,I56:I59,#REF!) -> 8 | J65: =COUNT(J42,J44:J44,J46:J46,J48:J54,J56:J59,#REF!) -> 7 | K65: =COUNT(K42,K44:K44,K46:K46,K48:K54,K56:K59,#REF!) -> 5 | L65: =COUNT(L42,L44:L44,L46:L46,L48:L54,L56:L59,#REF!) -> 5 | ... S65: =COUNT(S42,S44:S44,S46:S46,S48:S54,S56:S59,#REF!) -> 6
C66: Staff at 8:30pm | E66: =COUNT(E42,E46:E46,E48:E54,E56:E59,#REF!) -> 5 | F66: =COUNT(F42,F46:F46,F48:F54,F56:F59,#REF!) -> 7 | G66: =COUNT(G42,G46:G46,G48:G54,G56:G59,#REF!) -> 7 | H66: =COUNT(H42,H46:H46,H48:H54,H56:H59,#REF!) -> 7 | I66: =COUNT(I42,I46:I46,I48:I54,I56:I59,#REF!) -> 7 | J66: =COUNT(J42,J46:J46,J48:J54,J56:J59,#REF!) -> 6 | K66: =COUNT(K42,K46:K46,K48:K54,K56:K59,#REF!) -> 5 | L66: =COUNT(L42,L46:L46,L48:L54,L56:L59,#REF!) -> 5 | ... S66: =COUNT(S42,S46:S46,S48:S54,S56:S59,#REF!) -> 5
C67: Staff by 9:30pm | E67: =COUNT(E42,E48:E54,E56:E59,#REF!) -> 5 | F67: =COUNT(F42,F48:F54,F56:F59,#REF!) -> 6 | G67: =COUNT(G42,G48:G54,G56:G59,#REF!) -> 6 | H67: =COUNT(H42,H48:H54,H56:H59,#REF!) -> 6 | I67: =COUNT(I42,I48:I54,I56:I59,#REF!) -> 6 | J67: =COUNT(J42,J48:J54,J56:J59,#REF!) -> 6 | K67: =COUNT(K42,K48:K54,K56:K59,#REF!) -> 4 | L67: =COUNT(L42,L48:L54,L56:L59,#REF!) -> 4 | ... S67: =COUNT(S42,S48:S54,S56:S59,#REF!) -> 5
C68: Staff at 10:00pm | E68: =COUNT(#REF!) -> 0 | F68: =COUNT(#REF!) -> 0 | G68: =COUNT(#REF!) -> 0 | H68: =COUNT(#REF!) -> 0 | I68: =COUNT(#REF!) -> 0 | J68: =COUNT(#REF!) -> 0 | K68: =COUNT(#REF!) -> 0 | L68: =COUNT(#REF!) -> 0 | ... S68: =COUNT(#REF!) -> 0
A69: Zones
A70: Equipment | B70: 8:00am-11:00am | C70: Marcelette Jones | D70: =SUM(E70:K70,L70:R70)/2 -> 19 | F70: 7.5 | G70: 7.5 | H70: 4 | M70: 7.5 | N70: 7.5 | O70: 4
A71: ER | B71: 12:00pm-10:00pm | C71: Angela Doering | D71: =SUM(E71:K71,L71:R71)/2 -> 38 | F71: 9.5 | G71: 9.5 | H71: 9.5 | I71: 9.5 | M71: 9.5 | N71: 9.5 | O71: 9.5 | P71: 9.5
A72: ER | B72: 12:00pm-10:00pm | C72: Mark Huckle | D72: =SUM(E72:K72,L72:R72)/2 -> 38 | E72: 9.5 | F72: 9.5 | J72: 9.5 | K72: 9.5 | L72: 9.5 | M72: 9.5 | Q72: 9.5 | R72: 9.5 | S72: 9.5
B73: Scheduled Elsewere | C73: (ED Transporter 1)
B74: COMP DATE (Tentative) | C74: (ED Transporter 2)
E75: =SUM(E7:E15,E17:E24,E27:E31,E33:E37,E39:E42,E44:E44,E46:E46,E48:E54,E56:E59,E70:E74) -> 128.5 | F75: =SUM(F7:F15,F17:F24,F27:F31,F33:F37,F39:F42,F44:F44,F46:F46,F48:F54,F56:F59,F70:F74) -> 208.25 | G75: =SUM(G7:G15,G17:G24,G27:G31,G33:G37,G39:G42,G44:G44,G46:G46,G48:G54,G56:G59,G70:G74) -> 188.25 | H75: =SUM(H7:H15,H17:H24,H27:H31,H33:H37,H39:H42,H44:H44,H46:H46,H48:H54,H56:H59,H70:H74) -> 188.5 | I75: =SUM(I7:I15,I17:I24,I27:I31,I33:I37,I39:I42,I44:I44,I46:I46,I48:I54,I56:I59,I70:I74) -> 188.75 | J75: =SUM(J7:J15,J17:J24,J27:J31,J33:J37,J39:J42,J44:J44,J46:J46,J48:J54,J56:J59,J70:J74) -> 174.25 | K75: =SUM(K7:K15,K17:K24,K27:K31,K33:K37,K39:K42,K44:K44,K46:K46,K48:K54,K56:K59,K70:K74) -> 139.5 | L75: =SUM(L7:L15,L17:L24,L27:L31,L33:L37,L39:L42,L44:L44,L46:L46,L48:L54,L56:L59,L70:L74) -> 128.5 | ... S75: =SUM(S7:S15,S17:S24,S27:S31,S33:S37,S39:S42,S44:S44,S46:S46,S48:S54,S56:S59,S70:S74) -> 128.5
E76: =E75/8 -> 16.0625 | F76: =F75/8 -> 26.03125 | G76: =G75/8 -> 23.53125 | H76: =H75/8 -> 23.5625 | I76: =I75/8 -> 23.59375 | J76: =J75/8 -> 21.78125 | K76: =K75/8 -> 17.4375 | L76: =L75/8 -> 16.0625 | ... S76: =S75/8 -> 16.0625
D77: WEEK 1 | F77: HOURS | H77: THRESHOLD FTEs: | J77: HOURS | L77: WEEK 2 | M77: FTEs: | N77: HOURS | P77: THRESHOLD FTEs: | R77: HOURS
D78: Budgeted: | E78: 27.5 | F78: =E78* 40 & "hrs" -> 1100hrs | H78: Min: | I78: 25.93 | J78: 1037.2hrs | L78: Budgeted: | M78: 27.5 | N78: =M78* 40 & "hrs" -> 1100hrs | P78: Min: | Q78: 25.93 | R78: 1037.2hrs | S78: 27.5
D79: Actual: | E79: =SUM(E75:K75)/40 -> 30.4 | F79: =E79* 40 & "hrs" -> 1216hrs | H79: FTEs: | I79: =SUM(E75:K75)/40 -> 30.4 | J79: =I79*40 & "hrs" -> 1216hrs | L79: Actual: | M79: =SUM(L75:R75)/40 -> 30.45 | N79: =M79* 40 & "hrs" -> 1218hrs | P79: FTEs: | Q79: =SUM(L75:R75)/40 -> 30.45 | R79: =Q79*40 & "hrs" -> 1218hrs | S79: =SUM(S75:Y75)/40 -> 3.2125
D80: Training: | E80: =COUNTIFS(E7:K76, "T")*8/40 -> 0 | F80: =E80* 40 & "hrs" -> 0hrs | H80: Max: | I80: 29.07 | J80: 1162.8hrs | L80: Training: | M80: =COUNTIFS(L7:R76, "T")*8/40 -> 0 | N80: =M80* 40 & "hrs" -> 0hrs | P80: Max: | Q80: 29.07 | R80: 1162.8hrs | S80: =COUNTIFS(S7:Y76, "T")*8/40 -> 0
I82: 27.5

Sheet 9.21-10.2
A1: Patient Transportation
A2: Texas Health Dallas
E4: Week 1 | L4: Week 2
E5: 46285 | F5: 46286 | G5: 46287 | H5: 46288 | I5: 46289 | J5: 46290 | K5: 46291 | L5: 46292 | M5: 46293 | N5: 46294 | O5: 46295 | P5: 46296 | Q5: 46297 | R5: 46298
A6: Duty | B6: Shift | C6: Name | D6: Hrs | E6: S | F6: M | G6: T | H6: W | I6: T | J6: F | K6: S | L6: S | M6: M | N6: T | O6: W | P6: T | Q6: F | R6: S
A7: Pool | B7: 6:00am-1:30pm | C7: Kojo Boakye | D7: =SUM(E7:K7,L7:R7)/2 -> 35 | F7: 7 | G7: 7 | H7: 7 | I7: 7 | J7: 7 | M7: 7 | N7: 7 | O7: 7 | P7: 7 | Q7: 7
A8: Pool | B8: 6:00am-2:30pm | C8: Eddy Toledo | D8: =SUM(E8:K8,L8:R8)/2 -> 40 | F8: 8 | G8: 8 | H8: 8 | I8: 8 | K8: 8 | L8: 8 | M8: 8 | N8: 8 | P8: 8 | Q8: 8
A9: Pool | B9: 6:00am-2:30pm | C9: Almaz Kidane | D9: =SUM(E9:K9,L9:R9)/2 -> 40 | F9: 8 | G9: 8 | H9: 8 | I9: 8 | J9: 8 | M9: 8 | N9: 8 | O9: 8 | P9: 8 | Q9: 8
A10: Pool | B10: 6:00am-2:30pm | C10: Marco Mendez | D10: =SUM(E10:K10,L10:R10)/2 -> 36 | E10: 8 | F10: 8 | H10: 8 | I10: 8 | J10: V | M10: 8 | N10: 8 | O10: 8 | P10: 8 | R10: 8
A11: Pool | B11: 6:00am-2:30pm | C11: Mildred Alvarado | D11: =SUM(E11:K11,L11:R11)/2 -> 40 | F11: 8 | G11: 8 | I11: 8 | J11: 8 | K11: 8 | L11: 8 | N11: 8 | O11: 8 | P11: 8 | Q11: 8
A12: Pool | B12: 6:00am-2:30pm | C12: Adhika Tahija | D12: =SUM(E12:K12,L12:R12)/2 -> 8 | E12: 8 | R12: 8
A13: Pool | B13: 6:00am-2:30pm | C13: Alexa Ledezma | D13: =SUM(E13:K13,L13:R13)/2 -> 8 | K13: 8 | L13: 8
A14: Pool | B14: 6:00am-2:30pm | C14: Aaron Hoglund | D14: =SUM(E14:K14,L14:R14)/2 -> 8 | E14: 8 | R14: 8
A15: Pool | B15: 6:00am-2:30pm | C15: Almaz Kelati | D15: =SUM(E15:K15,L15:R15)/2 -> 8 | K15: 8 | R15: 8
C16: Staff by 6am | E16: =COUNT(E7:E15) -> 3 | F16: =COUNT(F7:F15) -> 5 | G16: =COUNT(G7:G15) -> 4 | H16: =COUNT(H7:H15) -> 4 | I16: =COUNT(I7:I15) -> 5 | J16: =COUNT(J7:J15) -> 3 | K16: =COUNT(K7:K15) -> 4 | L16: =COUNT(L7:L15) -> 3 | ... R16: =COUNT(R7:R15) -> 4
A17: Pool | B17: 7:00am-3:30pm | C17: Chase Pope | D17: =SUM(E17:K17,L17:R17)/2 -> 28 | F17: 8 | H17: 8 | I17: 8 | J17: V | K17: V | L17: V | N17: 8 | O17: 8 | P17: 8 | Q17: 8
A18: Pool | B18: 7:00am-3:30pm | C18: Alexa Ledezma | D18: =SUM(E18:K18,L18:R18)/2 -> 32 | F18: 8 | G18: 8 | H18: 8 | J18: 8 | M18: 8 | O18: 8 | P18: 8 | Q18: 8
A19: Pool | B19: 7:00am-3:30pm | C19: Raquel Cardoso | D19: =SUM(E19:K19,L19:R19)/2 -> 8 | K19: 8 | R19: 8
A20: Pool | B20: 7:00am-3:30pm | C20: Demetrius White | D20: =SUM(E20:K20,L20:R20)/2 -> 40 | E20: 8 | F20: 8 | H20: 8 | I20: 8 | J20: 8 | M20: 8 | N20: 8 | O20: 8 | Q20: 8 | R20: 8
A21: Pool | B21: 7:00am-3:30pm | C21: Esmerelda Molina | D21: =SUM(E21:K21,L21:R21)/2 -> 24 | E21: 8 | G21: 8 | I21: 8 | J21: V | N21: 8 | Q21: 8 | R21: 8
A22: Pool | B22: 7:00am-3:30pm | C22: Ruth Brown | D22: =SUM(E22:K22,L22:R22)/2 -> 40 | F22: 8 | G22: 8 | H22: 8 | I22: 8 | J22: 8 | M22: 8 | N22: 8 | O22: 8 | P22: 8 | Q22: 8
A23: Pool | B23: 7:30am-12:30pm | C23: Jackie Wilson | D23: =SUM(E23:K23,L23:R23)/2 -> 17.5 | E23: 5 | G23: 5 | H23: 5 | L23: 5 | M23: 5 | N23: 5 | P23: 5
C24: Staff by 7am | E24: =COUNT(E7:E15,E17:E22) -> 5 | F24: =COUNT(F7:F15,F17:F22) -> 9 | G24: =COUNT(G7:G15,G17:G22) -> 7 | H24: =COUNT(H7:H15,H17:H22) -> 8 | I24: =COUNT(I7:I15,I17:I22) -> 9 | J24: =COUNT(J7:J15,J17:J22) -> 6 | K24: =COUNT(K7:K15,K17:K22) -> 5 | L24: =COUNT(L7:L15,L17:L22) -> 3 | ... R24: =COUNT(R7:R15,R17:R22) -> 7
C25: Staff by 8am | E25: =COUNT(E7:E15,E17:E23,#REF!) -> 6 | F25: =COUNT(F7:F15,F17:F23,#REF!) -> 9 | G25: =COUNT(G7:G15,G17:G23,#REF!) -> 8 | H25: =COUNT(H7:H15,H17:H23,#REF!) -> 9 | I25: =COUNT(I7:I15,I17:I23,#REF!) -> 9 | J25: =COUNT(J7:J15,J17:J23,#REF!) -> 6 | K25: =COUNT(K7:K15,K17:K23,#REF!) -> 5 | L25: =COUNT(L7:L15,L17:L23,#REF!) -> 4 | ... R25: =COUNT(R7:R15,R17:R23,#REF!) -> 7
A26: Pool | B26: 9:00am-5:30pm | C26: Joshua Thompson | D26: =SUM(E26:K26,L26:R26)/2 -> 32 | F26: 8 | G26: 8 | I26: 8 | J26: 8 | M26: 8 | O26: 8 | P26: 8 | Q26: 8
A27: Pool | B27: 9:00am-5:30pm | C27: Adhika Tahija | D27: =SUM(E27:K27,L27:R27)/2 -> 8 | F27: 8 | M27: 8
A28: Pool | B28: 9:00am-5:30pm | C28: Aaron Hoglund | D28: =SUM(E28:K28,L28:R28)/2 -> 8 | H28: 8 | O28: 8
A29: Pool | B29: 9:00am-5:30pm | C29: Raquel Cardoso | D29: =SUM(E29:K29,L29:R29)/2 -> 16 | H29: 8 | I29: 8 | O29: 8 | P29: 8
A30: Pool | B30: 9:00am-5:30pm | C30: Gilberto Santos | D30: =SUM(E30:K30,L30:R30)/2 -> 16 | E30: 8 | K30: 8 | L30: 8 | R30: 8
C31: Staff by 9am | E31: =COUNT(E7:E15,E17:E23,#REF!,E26:E30) -> 7 | F31: =COUNT(F7:F15,F17:F23,#REF!,F26:F30) -> 11 | G31: =COUNT(G7:G15,G17:G23,#REF!,G26:G30) -> 9 | H31: =COUNT(H7:H15,H17:H23,#REF!,H26:H30) -> 11 | I31: =COUNT(I7:I15,I17:I23,#REF!,I26:I30) -> 11 | J31: =COUNT(J7:J15,J17:J23,#REF!,J26:J30) -> 7 | K31: =COUNT(K7:K15,K17:K23,#REF!,K26:K30) -> 6 | L31: =COUNT(L7:L15,L17:L23,#REF!,L26:L30) -> 5 | ... R31: =COUNT(R7:R15,R17:R23,#REF!,R26:R30) -> 8
A32: Pool | B32: 10:00am-6:30pm | C32: Adhika Tahija | D32: =SUM(E32:K32,L32:R32)/2 -> 16 | G32: 8 | J32: 8 | O32: 8 | Q32: 8
A33: Pool | B33: 10:00am-6:30pm | C33: Maxwell Miller | D33: =SUM(E33:K33,L33:R33)/2 -> 32 | F33: 8 | G33: 8 | H33: 8 | J33: 8 | M33: 8 | N33: 8 | O33: 8 | Q33: 8
A34: Pool | B34: 10:00am-6:30pm | C34: Joshua Thompson | D34: =SUM(E34:K34,L34:R34)/2 -> 8 | K34: 8 | L34: 8
A35: Pool | B35: 10:00am-6:30pm | C35: Blair Alexander | D35: =SUM(E35:K35,L35:R35)/2 -> 36 | E35: V | F35: 8 | H35: 8 | I35: 8 | J35: 8 | M35: 8 | N35: 8 | O35: 8 | P35: 8 | R35: 8
A36: Pool | B36: 10:00am-6:30pm | C36: Aaron Hoglund | D36: =SUM(E36:K36,L36:R36)/2 -> 24 | F36: 8 | G36: 8 | J36: 8 | M36: 8 | N36: 8 | Q36: 8
C37: Staff by 10am | E37: =COUNT(E7:E15,E17:E23,#REF!,E26:E30,E32:E36) -> 7 | F37: =COUNT(F7:F15,F17:F23,#REF!,F26:F30,F32:F36) -> 14 | G37: =COUNT(G7:G15,G17:G23,#REF!,G26:G30,G32:G36) -> 12 | H37: =COUNT(H7:H15,H17:H23,#REF!,H26:H30,H32:H36) -> 13 | I37: =COUNT(I7:I15,I17:I23,#REF!,I26:I30,I32:I36) -> 12 | J37: =COUNT(J7:J15,J17:J23,#REF!,J26:J30,J32:J36) -> 11 | K37: =COUNT(K7:K15,K17:K23,#REF!,K26:K30,K32:K36) -> 7 | L37: =COUNT(L7:L15,L17:L23,#REF!,L26:L30,L32:L36) -> 6 | ... R37: =COUNT(R7:R15,R17:R23,#REF!,R26:R30,R32:R36) -> 9
A38: Pool | B38: 11:00am-7:30pm | C38: Maxwell Miller | D38: =SUM(E38:K38,L38:R38)/2 -> 8 | K38: 8 | L38: 8
A39: TRAIN | B39: 11:00am-7:30pm | C39: De'Ana Humphrey | D39: =SUM(E39:K39,L39:R39)/2 -> 24 | G39: T | H39: T | I39: T | J39: T | K39: 8 | M39: 8 | N39: 8 | O39: 8 | P39: 8 | Q39: 8
A40: Pool | B40: 11:00am-7:30pm | C40: Juan Molina | D40: =SUM(E40:K40,L40:R40)/2 -> 16 | E40: 8 | H40: V | I40: V | O40: 8 | P40: 8 | R40: 8
A41: Pool | B41: 11:30am-10:00pm | C41: Eduardo Lopez | D41: =SUM(E41:K41,L41:R41)/2 -> 30 | E41: 10 | J41: 10 | K41: 10 | L41: 10 | Q41: 10 | R41: 10
C42: Staff by 11am | E42: =COUNT(E7:E15,E17:E23,#REF!,E26:E30,E32:E36,E38:E40) -> 8 | F42: =COUNT(F7:F15,F17:F23,#REF!,F26:F30,F32:F36,F38:F40) -> 14 | G42: =COUNT(G7:G15,G17:G23,#REF!,G26:G30,G32:G36,G38:G40) -> 12 | H42: =COUNT(H7:H15,H17:H23,#REF!,H26:H30,H32:H36,H38:H40) -> 13 | I42: =COUNT(I7:I15,I17:I23,#REF!,I26:I30,I32:I36,I38:I40) -> 12 | J42: =COUNT(J7:J15,J17:J23,#REF!,J26:J30,J32:J36,J38:J40) -> 11 | K42: =COUNT(K7:K15,K17:K23,#REF!,K26:K30,K32:K36,K38:K40) -> 9 | L42: =COUNT(L7:L15,L17:L23,#REF!,L26:L30,L32:L36,L38:L40) -> 7 | ... R42: =COUNT(R7:R15,R17:R23,#REF!,R26:R30,R32:R36,R38:R40) -> 10
A43: TRAIN | B43: 12:00pm-8:30pm | C43: Aleya Roberts | D43: =SUM(E43:K43,L43:R43)/2 -> 0 | F43: T | G43: T | H43: T | J43: T | K43: T | L43: T | M43: T | N43: T | O43: T | Q43: T
C44: Staff by 12pm | E44: =COUNT(E7:E15,E17:E23,#REF!,E26:E30,E32:E36,E38:E41,E43:E43) -> 9 | F44: =COUNT(F7:F15,F17:F23,#REF!,F26:F30,F32:F36,F38:F41,F43:F43) -> 14 | G44: =COUNT(G7:G15,G17:G23,#REF!,G26:G30,G32:G36,G38:G41,G43:G43) -> 12 | H44: =COUNT(H7:H15,H17:H23,#REF!,H26:H30,H32:H36,H38:H41,H43:H43) -> 13 | I44: =COUNT(I7:I15,I17:I23,#REF!,I26:I30,I32:I36,I38:I41,I43:I43) -> 12 | J44: =COUNT(J7:J15,J17:J23,#REF!,J26:J30,J32:J36,J38:J41,J43:J43) -> 12 | K44: =COUNT(K7:K15,K17:K23,#REF!,K26:K30,K32:K36,K38:K41,K43:K43) -> 10 | L44: =COUNT(L7:L15,L17:L23,#REF!,L26:L30,L32:L36,L38:L41,L43:L43) -> 8 | ... R44: =COUNT(R7:R15,R17:R23,#REF!,R26:R30,R32:R36,R38:R41,R43:R43) -> 11
A45: Pool | B45: 1:00pm-9:30pm | C45: Montell Taylor | D45: =SUM(E45:K45,L45:R45)/2 -> 40 | F45: 8 | G45: 8 | H45: 8 | I45: 8 | K45: 8 | L45: 8 | M45: 8 | N45: 8 | P45: 8 | Q45: 8
C46: Staff by 1pm | E46: =COUNT(E7:E15,E17:E22,#REF!,E26:E30,E32:E36,E38:E41,E43:E43,E45:E45) -> 8 | F46: =COUNT(F7:F15,F17:F22,#REF!,F26:F30,F32:F36,F38:F41,F43:F43,F45:F45) -> 15 | G46: =COUNT(G7:G15,G17:G22,#REF!,G26:G30,G32:G36,G38:G41,G43:G43,G45:G45) -> 12 | H46: =COUNT(H7:H15,H17:H22,#REF!,H26:H30,H32:H36,H38:H41,H43:H43,H45:H45) -> 13 | I46: =COUNT(I7:I15,I17:I22,#REF!,I26:I30,I32:I36,I38:I41,I43:I43,I45:I45) -> 13 | J46: =COUNT(J7:J15,J17:J22,#REF!,J26:J30,J32:J36,J38:J41,J43:J43,J45:J45) -> 12 | K46: =COUNT(K7:K15,K17:K22,#REF!,K26:K30,K32:K36,K38:K41,K43:K43,K45:K45) -> 11 | L46: =COUNT(L7:L15,L17:L22,#REF!,L26:L30,L32:L36,L38:L41,L43:L43,L45:L45) -> 8 | ... R46: =COUNT(R7:R15,R17:R22,#REF!,R26:R30,R32:R36,R38:R41,R43:R43,R45:R45) -> 11
A47: Pool | B47: 1:30pm-10:00pm | C47: Gibran Ramos | D47: =SUM(E47:K47,L47:R47)/2 -> 40 | F47: 8 | G47: 8 | H47: 8 | I47: 8 | K47: 8 | L47: 8 | N47: 8 | O47: 8 | P47: 8 | Q47: 8
A48: TRAIN | B48: 1:30pm-10:00pm | C48: Najaf Ali | D48: =SUM(E48:K48,L48:R48)/2 -> 16 | E48: T | G48: T | K48: 8 | L48: 8 | N48: 8 | R48: 8
A49: Pool | B49: 1:30pm-10:00pm | C49: Hayven Garrett | D49: =SUM(E49:K49,L49:R49)/2 -> 36 | E49: 8 | F49: 8 | H49: 8 | I49: 8 | J49: 8 | M49: V | N49: 8 | P49: 8 | Q49: 8 | R49: 8
A50: Pool | B50: 1:30pm-10:00pm | C50: Kyle Jones | D50: =SUM(E50:K50,L50:R50)/2 -> 40 | E50: 8 | G50: 8 | H50: 8 | I50: 8 | J50: 8 | M50: 8 | N50: 8 | O50: 8 | P50: 8 | R50: 8
A51: Pool | B51: 1:30pm-10:00pm | C51: James Jones | D51: =SUM(E51:K51,L51:R51)/2 -> 40 | F51: 8 | G51: 8 | H51: 8 | I51: 8 | K51: 8 | L51: 8 | M51: 8 | O51: 8 | P51: 8 | Q51: 8
A52: Pool | B52: 1:30pm-10:00pm | C52: Almaz Kelati | D52: =SUM(E52:K52,L52:R52)/2 -> 16 | F52: 8 | G52: 8 | M52: 8 | N52: 8
A53: Pool | B53: 2:00pm-10:00pm | C53: Sheila Bonilla | D53: =SUM(E53:K53,L53:R53)/2 -> 15.5 | E53: 8 | F53: 7.5 | J53: V | M53: V | Q53: 7.5 | R53: 8
C54: Staff by 2pm | E54: =COUNT(E8:E15,E17:E22,#REF!,E26:E30,E32:E36,E38:E41,E43:E43,E45:E45,E47:E52) -> 10 | F54: =COUNT(F8:F15,F17:F22,#REF!,F26:F30,F32:F36,F38:F41,F43:F43,F45:F45,F47:F52) -> 18 | G54: =COUNT(G8:G15,G17:G22,#REF!,G26:G30,G32:G36,G38:G41,G43:G43,G45:G45,G47:G52) -> 15 | H54: =COUNT(H8:H15,H17:H22,#REF!,H26:H30,H32:H36,H38:H41,H43:H43,H45:H45,H47:H52) -> 16 | I54: =COUNT(I8:I15,I17:I22,#REF!,I26:I30,I32:I36,I38:I41,I43:I43,I45:I45,I47:I52) -> 16 | J54: =COUNT(J8:J15,J17:J22,#REF!,J26:J30,J32:J36,J38:J41,J43:J43,J45:J45,J47:J52) -> 13 | K54: =COUNT(K8:K15,K17:K22,#REF!,K26:K30,K32:K36,K38:K41,K43:K43,K45:K45,K47:K52) -> 14 | L54: =COUNT(L8:L15,L17:L22,#REF!,L26:L30,L32:L36,L38:L41,L43:L43,L45:L45,L47:L52) -> 11 | ... R54: =COUNT(R8:R15,R17:R22,#REF!,R26:R30,R32:R36,R38:R41,R43:R43,R45:R45,R47:R52) -> 14
A55: Pool | B55: 2:15pm-10:00pm | C55: Caleb Price | D55: =SUM(E55:K55,L55:R55)/2 -> 29 | F55: 7.25 | G55: 7.25 | I55: 7.25 | J55: 7.25 | M55: 7.25 | N55: 7.25 | P55: 7.25 | Q55: 7.25
A56: Pool | B56: 3:30pm-10:00pm | C56: Almaz Kelati | D56: =SUM(E56:K56,L56:R56)/2 -> 6 | H56: 6 | O56: 6
A57: Pool | B57: 4:30pm-10:00pm | C57: Esmerelda Molina | D57: =SUM(E57:K57,L57:R57)/2 -> 7.5 | H57: 5 | M57: 5 | O57: 5
A58: Pool | B58: 4:30pm-10:00pm | C58: Almaz Kelati | D58: =SUM(E58:K58,L58:R58)/2 -> 10 | I58: 5 | J58: 5 | P58: 5 | Q58: 5
C59: Staff at 2:30pm | E59: =COUNT(E17:E22,#REF!,E26:E30,E32:E36,E38:E41,E43:E43,E45:E45,E47:E53,E55) -> 8 | F59: =COUNT(F17:F22,#REF!,F26:F30,F32:F36,F38:F41,F43:F43,F45:F45,F47:F53,F55) -> 16 | G59: =COUNT(G17:G22,#REF!,G26:G30,G32:G36,G38:G41,G43:G43,G45:G45,G47:G53,G55) -> 13 | H59: =COUNT(H17:H22,#REF!,H26:H30,H32:H36,H38:H41,H43:H43,H45:H45,H47:H53,H55) -> 13 | I59: =COUNT(I17:I22,#REF!,I26:I30,I32:I36,I38:I41,I43:I43,I45:I45,I47:I53,I55) -> 13 | J59: =COUNT(J17:J22,#REF!,J26:J30,J32:J36,J38:J41,J43:J43,J45:J45,J47:J53,J55) -> 12 | K59: =COUNT(K17:K22,#REF!,K26:K30,K32:K36,K38:K41,K43:K43,K45:K45,K47:K53,K55) -> 10 | L59: =COUNT(L17:L22,#REF!,L26:L30,L32:L36,L38:L41,L43:L43,L45:L45,L47:L53,L55) -> 8 | ... R59: =COUNT(R17:R22,#REF!,R26:R30,R32:R36,R38:R41,R43:R43,R45:R45,R47:R53,R55) -> 11
C60: Staff at 3:30pm | E60: =COUNT(#REF!,E26:E30,E32:E36,E38:E41,E43:E43,E45:E45,E47:E53,E55:E56) -> 6 | F60: =COUNT(#REF!,F26:F30,F32:F36,F38:F41,F43:F43,F45:F45,F47:F53,F55:F56) -> 12 | G60: =COUNT(#REF!,G26:G30,G32:G36,G38:G41,G43:G43,G45:G45,G47:G53,G55:G56) -> 10 | H60: =COUNT(#REF!,H26:H30,H32:H36,H38:H41,H43:H43,H45:H45,H47:H53,H55:H56) -> 10 | I60: =COUNT(#REF!,I26:I30,I32:I36,I38:I41,I43:I43,I45:I45,I47:I53,I55:I56) -> 9 | J60: =COUNT(#REF!,J26:J30,J32:J36,J38:J41,J43:J43,J45:J45,J47:J53,J55:J56) -> 9 | K60: =COUNT(#REF!,K26:K30,K32:K36,K38:K41,K43:K43,K45:K45,K47:K53,K55:K56) -> 9 | L60: =COUNT(#REF!,L26:L30,L32:L36,L38:L41,L43:L43,L45:L45,L47:L53,L55:L56) -> 8 | ... R60: =COUNT(#REF!,R26:R30,R32:R36,R38:R41,R43:R43,R45:R45,R47:R53,R55:R56) -> 8
C61: Staff at 4:30pm | E61: =COUNT(E26:E30,E32:E36,E38:E41,E43:E43,E45:E45,E47:E53,E55:E58) -> 6 | F61: =COUNT(F26:F30,F32:F36,F38:F41,F43:F43,F45:F45,F47:F53,F55:F58) -> 12 | G61: =COUNT(G26:G30,G32:G36,G38:G41,G43:G43,G45:G45,G47:G53,G55:G58) -> 10 | H61: =COUNT(H26:H30,H32:H36,H38:H41,H43:H43,H45:H45,H47:H53,H55:H58) -> 11 | I61: =COUNT(I26:I30,I32:I36,I38:I41,I43:I43,I45:I45,I47:I53,I55:I58) -> 10 | J61: =COUNT(J26:J30,J32:J36,J38:J41,J43:J43,J45:J45,J47:J53,J55:J58) -> 10 | K61: =COUNT(K26:K30,K32:K36,K38:K41,K43:K43,K45:K45,K47:K53,K55:K58) -> 9 | L61: =COUNT(L26:L30,L32:L36,L38:L41,L43:L43,L45:L45,L47:L53,L55:L58) -> 8 | ... R61: =COUNT(R26:R30,R32:R36,R38:R41,R43:R43,R45:R45,R47:R53,R55:R58) -> 8
C62: Staff at 5:30pm | E62: =COUNT(E32:E36,E38:E41,E43:E43,E45:E45,E47:E53,E55:E58,#REF!) -> 5 | F62: =COUNT(F32:F36,F38:F41,F43:F43,F45:F45,F47:F53,F55:F58,#REF!) -> 10 | G62: =COUNT(G32:G36,G38:G41,G43:G43,G45:G45,G47:G53,G55:G58,#REF!) -> 9 | H62: =COUNT(H32:H36,H38:H41,H43:H43,H45:H45,H47:H53,H55:H58,#REF!) -> 9 | I62: =COUNT(I32:I36,I38:I41,I43:I43,I45:I45,I47:I53,I55:I58,#REF!) -> 8 | J62: =COUNT(J32:J36,J38:J41,J43:J43,J45:J45,J47:J53,J55:J58,#REF!) -> 9 | K62: =COUNT(K32:K36,K38:K41,K43:K43,K45:K45,K47:K53,K55:K58,#REF!) -> 8 | L62: =COUNT(L32:L36,L38:L41,L43:L43,L45:L45,L47:L53,L55:L58,#REF!) -> 7 | ... R62: =COUNT(R32:R36,R38:R41,R43:R43,R45:R45,R47:R53,R55:R58,#REF!) -> 7
C63: Staff at 6:30pm | E63: =COUNT(E38:E41,E43:E43,E45:E45,E47:E53,E55:E58,#REF!) -> 5 | F63: =COUNT(F38:F41,F43:F43,F45:F45,F47:F53,F55:F58,#REF!) -> 7 | G63: =COUNT(G38:G41,G43:G43,G45:G45,G47:G53,G55:G58,#REF!) -> 6 | H63: =COUNT(H38:H41,H43:H43,H45:H45,H47:H53,H55:H58,#REF!) -> 7 | I63: =COUNT(I38:I41,I43:I43,I45:I45,I47:I53,I55:I58,#REF!) -> 7 | J63: =COUNT(J38:J41,J43:J43,J45:J45,J47:J53,J55:J58,#REF!) -> 5 | K63: =COUNT(K38:K41,K43:K43,K45:K45,K47:K53,K55:K58,#REF!) -> 7 | L63: =COUNT(L38:L41,L43:L43,L45:L45,L47:L53,L55:L58,#REF!) -> 6 | ... R63: =COUNT(R38:R41,R43:R43,R45:R45,R47:R53,R55:R58,#REF!) -> 6
C64: Staff at 7:30pm | E64: =COUNT(E41,E43:E43,E45:E45,E47:E53,E55:E58,#REF!) -> 4 | F64: =COUNT(F41,F43:F43,F45:F45,F47:F53,F55:F58,#REF!) -> 7 | G64: =COUNT(G41,G43:G43,G45:G45,G47:G53,G55:G58,#REF!) -> 6 | H64: =COUNT(H41,H43:H43,H45:H45,H47:H53,H55:H58,#REF!) -> 7 | I64: =COUNT(I41,I43:I43,I45:I45,I47:I53,I55:I58,#REF!) -> 7 | J64: =COUNT(J41,J43:J43,J45:J45,J47:J53,J55:J58,#REF!) -> 5 | K64: =COUNT(K41,K43:K43,K45:K45,K47:K53,K55:K58,#REF!) -> 5 | L64: =COUNT(L41,L43:L43,L45:L45,L47:L53,L55:L58,#REF!) -> 5 | ... R64: =COUNT(R41,R43:R43,R45:R45,R47:R53,R55:R58,#REF!) -> 5
C65: Staff at 8:30pm | E65: =COUNT(E41,E45:E45,E47:E53,E55:E58,#REF!) -> 4 | F65: =COUNT(F41,F45:F45,F47:F53,F55:F58,#REF!) -> 7 | G65: =COUNT(G41,G45:G45,G47:G53,G55:G58,#REF!) -> 6 | H65: =COUNT(H41,H45:H45,H47:H53,H55:H58,#REF!) -> 7 | I65: =COUNT(I41,I45:I45,I47:I53,I55:I58,#REF!) -> 7 | J65: =COUNT(J41,J45:J45,J47:J53,J55:J58,#REF!) -> 5 | K65: =COUNT(K41,K45:K45,K47:K53,K55:K58,#REF!) -> 5 | L65: =COUNT(L41,L45:L45,L47:L53,L55:L58,#REF!) -> 5 | ... R65: =COUNT(R41,R45:R45,R47:R53,R55:R58,#REF!) -> 5
C66: Staff by 9:30pm | E66: =COUNT(E41,E47:E53,E55:E58,#REF!) -> 4 | F66: =COUNT(F41,F47:F53,F55:F58,#REF!) -> 6 | G66: =COUNT(G41,G47:G53,G55:G58,#REF!) -> 5 | H66: =COUNT(H41,H47:H53,H55:H58,#REF!) -> 6 | I66: =COUNT(I41,I47:I53,I55:I58,#REF!) -> 6 | J66: =COUNT(J41,J47:J53,J55:J58,#REF!) -> 5 | K66: =COUNT(K41,K47:K53,K55:K58,#REF!) -> 4 | L66: =COUNT(L41,L47:L53,L55:L58,#REF!) -> 4 | ... R66: =COUNT(R41,R47:R53,R55:R58,#REF!) -> 5
C67: Staff at 10:00pm | E67: =COUNT(#REF!) -> 0 | F67: =COUNT(#REF!) -> 0 | G67: =COUNT(#REF!) -> 0 | H67: =COUNT(#REF!) -> 0 | I67: =COUNT(#REF!) -> 0 | J67: =COUNT(#REF!) -> 0 | K67: =COUNT(#REF!) -> 0 | L67: =COUNT(#REF!) -> 0 | ... R67: =COUNT(#REF!) -> 0
A68: Zones
A69: Equipment | B69: 8:00am-11:00am | C69: Marcelette Jones | D69: =SUM(E69:K69,L69:R69)/2 -> 19 | F69: 7.5 | G69: 7.5 | H69: 4 | M69: 7.5 | N69: 7.5 | O69: 4
A70: ED | B70: 12:00pm-10:00pm | C70: Angela Doering | D70: =SUM(E70:K70,L70:R70)/2 -> 38 | F70: 9.5 | G70: 9.5 | H70: 9.5 | I70: 9.5 | M70: 9.5 | N70: 9.5 | O70: 9.5 | P70: 9.5
A71: ED | B71: 12:00pm-10:00pm | C71: Mark Huckle | D71: =SUM(E71:K71,L71:R71)/2 -> 33.25 | E71: 9.5 | F71: 9.5 | J71: V | K71: 9.5 | L71: 9.5 | M71: 9.5 | Q71: 9.5 | R71: 9.5
B72: Scheduled Elsewere | C72: (ED Transporter 1)
B73: COMP DATE (Tentative) | C73: (ED Transporter 2)
E74: =SUM(E7:E15,E17:E23,E26:E30,E32:E36,E38:E41,E43:E43,E45:E45,E47:E53,E55:E58,E69:E73) -> 104.5 | F74: =SUM(F7:F15,F17:F23,F26:F30,F32:F36,F38:F41,F43:F43,F45:F45,F47:F53,F55:F58,F69:F73) -> 192.25 | G74: =SUM(G7:G15,G17:G23,G26:G30,G32:G36,G38:G41,G43:G43,G45:G45,G47:G53,G55:G58,G69:G73) -> 156.25 | H74: =SUM(H7:H15,H17:H23,H26:H30,H32:H36,H38:H41,H43:H43,H45:H45,H47:H53,H55:H58,H69:H73) -> 164.5 | I74: =SUM(I7:I15,I17:I23,I26:I30,I32:I36,I38:I41,I43:I43,I45:I45,I47:I53,I55:I58,I69:I73) -> 156.75 | J74: =SUM(J7:J15,J17:J23,J26:J30,J32:J36,J38:J41,J43:J43,J45:J45,J47:J53,J55:J58,J69:J73) -> 125.25 | K74: =SUM(K7:K15,K17:K23,K26:K30,K32:K36,K38:K41,K43:K43,K45:K45,K47:K53,K55:K58,K69:K73) -> 123.5 | L74: =SUM(L7:L15,L17:L23,L26:L30,L32:L36,L38:L41,L43:L43,L45:L45,L47:L53,L55:L58,L69:L73) -> 104.5 | ... R74: =SUM(R7:R15,R17:R23,R26:R30,R32:R36,R38:R41,R43:R43,R45:R45,R47:R53,R55:R58,R69:R73) -> 131.5
E75: =E74/8 -> 13.0625 | F75: =F74/8 -> 24.03125 | G75: =G74/8 -> 19.53125 | H75: =H74/8 -> 20.5625 | I75: =I74/8 -> 19.59375 | J75: =J74/8 -> 15.65625 | K75: =K74/8 -> 15.4375 | L75: =L74/8 -> 13.0625 | ... R75: =R74/8 -> 16.4375
D76: WEEK 1 | F76: HOURS | H76: THRESHOLD FTEs: | J76: HOURS | L76: WEEK 2 | M76: FTEs: | N76: HOURS | P76: THRESHOLD FTEs: | R76: HOURS
D77: Budgeted: | E77: 27.5 | F77: =E77* 40 & "hrs" -> 1100hrs | H77: Min: | I77: 25.93 | J77: 1037.2hrs | L77: Budgeted: | M77: 27.5 | N77: =M77* 40 & "hrs" -> 1100hrs | P77: Min: | Q77: 25.93 | R77: 1037.2hrs
D78: Actual: | E78: =SUM(E74:K74)/40 -> 25.575 | F78: =E78* 40 & "hrs" -> 1023hrs | H78: FTEs: | I78: =SUM(E74:K74)/40 -> 25.575 | J78: =I78*40 & "hrs" -> 1023hrs | L78: Actual: | M78: =SUM(L74:R74)/40 -> 28.0625 | N78: =M78* 40 & "hrs" -> 1122.5hrs | P78: FTEs: | Q78: =SUM(L74:R74)/40 -> 28.0625 | R78: =Q78*40 & "hrs" -> 1122.5hrs
D79: Training: | E79: =COUNTIFS(E7:K75, "T")*8/40 -> 2.2 | F79: =E79* 40 & "hrs" -> 88hrs | H79: Max: | I79: 29.07 | J79: 1162.8hrs | L79: Training: | M79: =COUNTIFS(L7:R75, "T")*8/40 -> 1 | N79: =M79* 40 & "hrs" -> 40hrs | P79: Max: | Q79: 29.07 | R79: 1162.8hrs
I81: 27.5

Sheet 9.6-9.19
A1: Patient Transportation
A2: Texas Health Dallas
E4: Week 1 | L4: Week 2 | T4: Time | U4: # of Staff
E5: 46271 | F5: HOL | G5: 46273 | H5: 46274 | I5: 46275 | J5: 46276 | K5: 46277 | L5: 46278 | M5: 46279 | N5: 46280 | O5: 46281 | P5: 46282 | Q5: 46283 | R5: 46284 | T5: 0.25 | U5: =ROUNDDOWN(AVERAGE(E16:R16),0) -> 3
A6: Duty | B6: Shift | C6: Name | D6: Hrs | E6: S | F6: M | G6: T | H6: W | I6: T | J6: F | K6: S | L6: S | M6: M | N6: T | O6: W | P6: T | Q6: F | R6: S | T6: 0.29166667 | U6: =ROUNDDOWN(AVERAGE(E24:R24),0) -> 6
A7: Pool | B7: 6:00am-1:30pm | C7: Kojo Boakye | D7: =SUM(E7:K7,L7:R7)/2 -> 35.5 | F7: 8 | G7: 7 | H7: 7 | I7: 7 | J7: 7 | M7: 7 | N7: 7 | O7: 7 | P7: 7 | Q7: 7 | T7: 0.33333333 | U7: =ROUNDDOWN(AVERAGE(E25:R25),0) -> 7
A8: Pool | B8: 6:00am-2:30pm | C8: Eddy Toledo | D8: =SUM(E8:K8,L8:R8)/2 -> 36 | G8: 8 | H8: 8 | J8: 8 | K8: 8 | L8: 8 | M8: 8 | N8: 8 | P8: 8 | Q8: 8 | T8: 0.375 | U8: =ROUNDDOWN(AVERAGE(E31:R31),0) -> 8
A9: Pool | B9: 6:00am-2:30pm | C9: Almaz Kidane | D9: =SUM(E9:K9,L9:R9)/2 -> 20 | G9: 8 | H9: 8 | I9: 8 | J9: V | M9: V | N9: V | O9: V | P9: 8 | Q9: 8 | T9: 0.41666667 | U9: =ROUNDDOWN(AVERAGE(E37:R37),0) -> 10
A10: Pool | B10: 6:00am-2:30pm | C10: Marco Mendez | D10: =SUM(E10:K10,L10:R10)/2 -> 36 | E10: V | G10: 8 | H10: 8 | I10: 8 | J10: 8 | M10: 8 | N10: 8 | O10: 8 | Q10: 8 | R10: 8 | T10: 0.45833333 | U10: =ROUNDDOWN(AVERAGE(E42:R42),0) -> 10
A11: Pool | B11: 6:00am-2:30pm | C11: Mildred Alvarado | D11: =SUM(E11:K11,L11:R11)/2 -> 40 | F11: 8 | G11: 8 | I11: 8 | J11: 8 | K11: 8 | L11: 8 | N11: 8 | O11: 8 | P11: 8 | Q11: 8 | T11: 0.5 | U11: =ROUNDDOWN(AVERAGE(E44:R44),0) -> 11
A12: Pool | B12: 6:00am-2:30pm | C12: Adhika Tahija | D12: =SUM(E12:K12,L12:R12)/2 -> 8 | E12: 8 | F12: 8 | R12: V | T12: 0.54166667 | U12: =ROUNDDOWN(AVERAGE(E46:R46),0) -> 11
A13: Pool | B13: 6:00am-2:30pm | C13: Alexa Ledezma | D13: =SUM(E13:K13,L13:R13)/2 -> 8 | K13: 8 | L13: 8 | T13: 0.58333333 | U13: =ROUNDDOWN(AVERAGE(E56:R56),0) -> 13
A14: Pool | B14: 6:00am-2:30pm | C14: Aaron Hoglund | D14: =SUM(E14:K14,L14:R14)/2 -> 8 | E14: 8 | R14: 8 | T14: 0.625 | U14: =ROUNDDOWN(AVERAGE(E61:R61),0) -> 11
A15: Pool | B15: 6:00am-2:30pm | C15: Almaz Kelati | D15: =SUM(E15:K15,L15:R15)/2 -> 12 | F15: 8 | K15: 8 | R15: 8 | T15: 0.66666667 | U15: =ROUNDDOWN(AVERAGE(E62:R62),0) -> 8
C16: Staff by 6am | E16: =COUNT(E7:E15) -> 2 | F16: =COUNT(F7:F15) -> 4 | G16: =COUNT(G7:G15) -> 5 | H16: =COUNT(H7:H15) -> 4 | I16: =COUNT(I7:I15) -> 4 | J16: =COUNT(J7:J15) -> 4 | K16: =COUNT(K7:K15) -> 4 | L16: =COUNT(L7:L15) -> 3 | ... R16: =COUNT(R7:R15) -> 3 | T16: 0.70833333 | U16: =ROUNDDOWN(AVERAGE(E63:R63),0) -> 8
A17: Pool | B17: 7:00am-3:30pm | C17: Chase Pope | D17: =SUM(E17:K17,L17:R17)/2 -> 28 | I17: 8 | J17: 8 | K17: 8 | L17: 8 | N17: 8 | O17: 8 | Q17: 8 | T17: 0.75 | U17: =ROUNDDOWN(AVERAGE(E64:R64),0) -> 7
A18: Pool | B18: 7:00am-3:30pm | C18: Alexa Ledezma | D18: =SUM(E18:K18,L18:R18)/2 -> 28 | G18: 8 | H18: 8 | I18: 8 | M18: 8 | O18: 8 | P18: 8 | Q18: 8 | T18: 0.79166667 | U18: =ROUNDDOWN(AVERAGE(E65:R65),0) -> 5
A19: Pool | B19: 7:00am-3:30pm | C19: Raquel Cardoso | D19: =SUM(E19:K19,L19:R19)/2 -> 8 | K19: 8 | R19: 8 | T19: 0.83333333 | U19: =ROUNDDOWN(AVERAGE(E66:R66),0) -> 5
A20: Pool | B20: 7:00am-3:30pm | C20: Demetrius White | D20: =SUM(E20:K20,L20:R20)/2 -> 40 | E20: 8 | F20: 8 | H20: 8 | I20: 8 | J20: 8 | M20: 8 | N20: 8 | O20: 8 | Q20: 8 | R20: 8 | T20: 0.875 | U20: =ROUNDDOWN(AVERAGE(E67:R67),0) -> 5
A21: Pool | B21: 7:00am-3:30pm | C21: Esmerelda Molina | D21: =SUM(E21:K21,L21:R21)/2 -> 28 | E21: 8 | G21: 8 | I21: 8 | J21: 8 | N21: 8 | Q21: 8 | R21: 8
A22: Pool | B22: 7:00am-3:30pm | C22: Ruth Brown | D22: =SUM(E22:K22,L22:R22)/2 -> 36 | G22: 8 | H22: 8 | I22: 8 | J22: 8 | M22: 8 | N22: 8 | O22: 8 | P22: 8 | Q22: 8 | T22: 0.91666667 | U22: =ROUNDDOWN(AVERAGE('[1]Master as of 2.17.25'!E61:R61), 0) -> 4
A23: Pool | B23: 7:30am-12:30pm | C23: Jackie Wilson | D23: =SUM(E23:K23,L23:R23)/2 -> 17.5 | E23: 5 | G23: 5 | H23: 5 | L23: 5 | M23: 5 | N23: 5 | P23: 5
C24: Staff by 7am | E24: =COUNT(E7:E15,E17:E22) -> 4 | F24: =COUNT(F7:F15,F17:F22) -> 5 | G24: =COUNT(G7:G15,G17:G22) -> 8 | H24: =COUNT(H7:H15,H17:H22) -> 7 | I24: =COUNT(I7:I15,I17:I22) -> 9 | J24: =COUNT(J7:J15,J17:J22) -> 8 | K24: =COUNT(K7:K15,K17:K22) -> 6 | L24: =COUNT(L7:L15,L17:L22) -> 4 | ... R24: =COUNT(R7:R15,R17:R22) -> 6
C25: Staff by 8am | E25: =COUNT(E7:E15,E17:E23,#REF!) -> 5 | F25: =COUNT(F7:F15,F17:F23,#REF!) -> 5 | G25: =COUNT(G7:G15,G17:G23,#REF!) -> 9 | H25: =COUNT(H7:H15,H17:H23,#REF!) -> 8 | I25: =COUNT(I7:I15,I17:I23,#REF!) -> 9 | J25: =COUNT(J7:J15,J17:J23,#REF!) -> 8 | K25: =COUNT(K7:K15,K17:K23,#REF!) -> 6 | L25: =COUNT(L7:L15,L17:L23,#REF!) -> 5 | ... R25: =COUNT(R7:R15,R17:R23,#REF!) -> 6
A26: Pool | B26: 9:00am-5:30pm | C26: Joshua Thompson | D26: =SUM(E26:K26,L26:R26)/2 -> 28 | G26: 8 | H26: 8 | I26: 8 | M26: 8 | O26: 8 | P26: 8 | Q26: 8
A27: Pool | B27: 9:00am-5:30pm | C27: Adhika Tahija | D27: =SUM(E27:K27,L27:R27)/2 -> 4 | M27: 8
A28: Pool | B28: 9:00am-5:30pm | C28: Aaron Hoglund | D28: =SUM(E28:K28,L28:R28)/2 -> 8 | H28: 8 | O28: 8
A29: Pool | B29: 9:00am-5:30pm | C29: Raquel Cardoso | D29: =SUM(E29:K29,L29:R29)/2 -> 16 | H29: 8 | I29: 8 | O29: 8 | P29: 8
A30: Pool | B30: 9:00am-5:30pm | C30: Gilberto Santos | D30: =SUM(E30:K30,L30:R30)/2 -> 16 | E30: 8 | K30: 8 | L30: 8 | R30: 8
C31: Staff by 9am | E31: =COUNT(E7:E15,E17:E23,#REF!,E26:E30) -> 6 | F31: =COUNT(F7:F15,F17:F23,#REF!,F26:F30) -> 5 | G31: =COUNT(G7:G15,G17:G23,#REF!,G26:G30) -> 10 | H31: =COUNT(H7:H15,H17:H23,#REF!,H26:H30) -> 11 | I31: =COUNT(I7:I15,I17:I23,#REF!,I26:I30) -> 11 | J31: =COUNT(J7:J15,J17:J23,#REF!,J26:J30) -> 8 | K31: =COUNT(K7:K15,K17:K23,#REF!,K26:K30) -> 7 | L31: =COUNT(L7:L15,L17:L23,#REF!,L26:L30) -> 6 | ... R31: =COUNT(R7:R15,R17:R23,#REF!,R26:R30) -> 7
A32: Pool | B32: 10:00am-6:30pm | C32: Adhika Tahija | D32: =SUM(E32:K32,L32:R32)/2 -> 12 | G32: 8 | J32: 8 | O32: 8 | Q32: V | R32: V
A33: Pool | B33: 10:00am-6:30pm | C33: Maxwell Miller | D33: =SUM(E33:K33,L33:R33)/2 -> 32 | F33: 8 | G33: 8 | H33: 8 | J33: 8 | M33: 8 | N33: 8 | O33: 8 | Q33: 8
A34: Pool | B34: 10:00am-6:30pm | C34: Joshua Thompson | D34: =SUM(E34:K34,L34:R34)/2 -> 8 | K34: 8 | L34: 8
A35: Pool | B35: 10:00am-6:30pm | C35: Blair Alexander | D35: =SUM(E35:K35,L35:R35)/2 -> 36 | E35: 8 | G35: 8 | H35: 8 | I35: 8 | J35: 8 | M35: 8 | N35: 8 | O35: 8 | P35: 8 | R35: V
A36: Pool | B36: 10:00am-6:30pm | C36: Aaron Hoglund | D36: =SUM(E36:K36,L36:R36)/2 -> 24 | F36: 8 | G36: 8 | J36: 8 | M36: 8 | N36: 8 | Q36: 8
C37: Staff by 10am | E37: =COUNT(E7:E15,E17:E23,#REF!,E26:E30,E32:E36) -> 7 | F37: =COUNT(F7:F15,F17:F23,#REF!,F26:F30,F32:F36) -> 7 | G37: =COUNT(G7:G15,G17:G23,#REF!,G26:G30,G32:G36) -> 14 | H37: =COUNT(H7:H15,H17:H23,#REF!,H26:H30,H32:H36) -> 13 | I37: =COUNT(I7:I15,I17:I23,#REF!,I26:I30,I32:I36) -> 12 | J37: =COUNT(J7:J15,J17:J23,#REF!,J26:J30,J32:J36) -> 12 | K37: =COUNT(K7:K15,K17:K23,#REF!,K26:K30,K32:K36) -> 8 | L37: =COUNT(L7:L15,L17:L23,#REF!,L26:L30,L32:L36) -> 7 | ... R37: =COUNT(R7:R15,R17:R23,#REF!,R26:R30,R32:R36) -> 7
A38: Pool | B38: 11:00am-7:30pm | C38: Maxwell Miller | D38: =SUM(E38:K38,L38:R38)/2 -> 8 | K38: 8 | L38: 8
A39: Off Ext | B39: 11:00am-7:30pm | C39: De'Ana Humphrey | D39: =SUM(E39:K39,L39:R39)/2 -> 0
A40: Pool | B40: 11:00am-7:30pm | C40: Juan Molina | D40: =SUM(E40:K40,L40:R40)/2 -> 16 | E40: 8 | H40: 8 | I40: 8 | O40: V | P40: V | R40: 8
A41: Pool | B41: 11:30am-10:00pm | C41: Eduardo Lopez | D41: =SUM(E41:K41,L41:R41)/2 -> 30 | E41: 10 | J41: 10 | K41: 10 | L41: 10 | Q41: 10 | R41: 10
C42: Staff by 11am | E42: =COUNT(E7:E15,E17:E23,#REF!,E26:E30,E32:E36,E38:E40) -> 8 | F42: =COUNT(F7:F15,F17:F23,#REF!,F26:F30,F32:F36,F38:F40) -> 7 | G42: =COUNT(G7:G15,G17:G23,#REF!,G26:G30,G32:G36,G38:G40) -> 14 | H42: =COUNT(H7:H15,H17:H23,#REF!,H26:H30,H32:H36,H38:H40) -> 14 | I42: =COUNT(I7:I15,I17:I23,#REF!,I26:I30,I32:I36,I38:I40) -> 13 | J42: =COUNT(J7:J15,J17:J23,#REF!,J26:J30,J32:J36,J38:J40) -> 12 | K42: =COUNT(K7:K15,K17:K23,#REF!,K26:K30,K32:K36,K38:K40) -> 9 | L42: =COUNT(L7:L15,L17:L23,#REF!,L26:L30,L32:L36,L38:L40) -> 8 | ... R42: =COUNT(R7:R15,R17:R23,#REF!,R26:R30,R32:R36,R38:R40) -> 8
A43: Off Ext | B43: 12:00pm-8:30pm | C43: Aleya Roberts | D43: =SUM(E43:K43,L43:R43)/2 -> 0
C44: Staff by 12pm | E44: =COUNT(E7:E15,E17:E23,#REF!,E26:E30,E32:E36,E38:E41,E43:E43) -> 9 | F44: =COUNT(F7:F15,F17:F23,#REF!,F26:F30,F32:F36,F38:F41,F43:F43) -> 7 | G44: =COUNT(G7:G15,G17:G23,#REF!,G26:G30,G32:G36,G38:G41,G43:G43) -> 14 | H44: =COUNT(H7:H15,H17:H23,#REF!,H26:H30,H32:H36,H38:H41,H43:H43) -> 14 | I44: =COUNT(I7:I15,I17:I23,#REF!,I26:I30,I32:I36,I38:I41,I43:I43) -> 13 | J44: =COUNT(J7:J15,J17:J23,#REF!,J26:J30,J32:J36,J38:J41,J43:J43) -> 13 | K44: =COUNT(K7:K15,K17:K23,#REF!,K26:K30,K32:K36,K38:K41,K43:K43) -> 10 | L44: =COUNT(L7:L15,L17:L23,#REF!,L26:L30,L32:L36,L38:L41,L43:L43) -> 9 | ... R44: =COUNT(R7:R15,R17:R23,#REF!,R26:R30,R32:R36,R38:R41,R43:R43) -> 9
A45: Pool | B45: 1:00pm-9:30pm | C45: Montell Taylor | D45: =SUM(E45:K45,L45:R45)/2 -> 40 | F45: 8 | G45: 8 | H45: 8 | I45: 8 | K45: 8 | L45: 8 | M45: 8 | N45: 8 | P45: 8 | Q45: 8
C46: Staff by 1pm | E46: =COUNT(E7:E15,E17:E22,#REF!,E26:E30,E32:E36,E38:E41,E43:E43,E45:E45) -> 8 | F46: =COUNT(F7:F15,F17:F22,#REF!,F26:F30,F32:F36,F38:F41,F43:F43,F45:F45) -> 8 | G46: =COUNT(G7:G15,G17:G22,#REF!,G26:G30,G32:G36,G38:G41,G43:G43,G45:G45) -> 14 | H46: =COUNT(H7:H15,H17:H22,#REF!,H26:H30,H32:H36,H38:H41,H43:H43,H45:H45) -> 14 | I46: =COUNT(I7:I15,I17:I22,#REF!,I26:I30,I32:I36,I38:I41,I43:I43,I45:I45) -> 14 | J46: =COUNT(J7:J15,J17:J22,#REF!,J26:J30,J32:J36,J38:J41,J43:J43,J45:J45) -> 13 | K46: =COUNT(K7:K15,K17:K22,#REF!,K26:K30,K32:K36,K38:K41,K43:K43,K45:K45) -> 11 | L46: =COUNT(L7:L15,L17:L22,#REF!,L26:L30,L32:L36,L38:L41,L43:L43,L45:L45) -> 9 | ... R46: =COUNT(R7:R15,R17:R22,#REF!,R26:R30,R32:R36,R38:R41,R43:R43,R45:R45) -> 9
A47: Pool | B47: 1:30pm-10:00pm | C47: Gibran Ramos | D47: =SUM(E47:K47,L47:R47)/2 -> 40 | F47: 8 | G47: 8 | H47: 8 | I47: 8 | K47: 8 | L47: 8 | N47: 8 | O47: 8 | P47: 8 | Q47: 8
A48: TRAIN | B48: 1:30pm-10:00pm | C48: Najaf Ali | D48: =SUM(E48:K48,L48:R48)/2 -> 0 | E48: T | G48: T | K48: T | L48: T | N48: T | R48: T
A49: Pool | B49: 1:30pm-10:00pm | C49: Hayven Garrett | D49: =SUM(E49:K49,L49:R49)/2 -> 40 | E49: 8 | F49: 8 | G49: 8 | I49: 8 | J49: 8 | M49: 8 | N49: 8 | O49: 8 | P49: 8 | R49: 8
A50: TRAIN | B50: 1:30pm-10:00pm | C50: Kyle Jones | D50: =SUM(E50:K50,L50:R50)/2 -> 0
A51: Pool | B51: 1:30pm-10:00pm | C51: Chase Pope | D51: =SUM(E51:K51,L51:R51)/2 -> 8 | H51: 8 | P51: 8
A52: Pool | B52: 1:30pm-10:00pm | C52: James Jones | D52: =SUM(E52:K52,L52:R52)/2 -> 40 | F52: 8 | G52: 8 | H52: 8 | I52: 8 | K52: 8 | L52: 8 | N52: 8 | O52: 8 | P52: 8 | Q52: 8
A53: Pool | B53: 1:30pm-10:00pm | C53: Almaz Kelati | D53: =SUM(E53:K53,L53:R53)/2 -> 12 | G53: 8 | M53: 8 | N53: 8
A54: Pool | B54: 1:30pm-10:00pm | C54: Xavier Rodriguez-Villanueva | D54: =SUM(E54:K54,L54:R54)/2 -> 6.25 | E54: 8 | R54: 4.5
A55: Pool | B55: 2:00pm-10:00pm | C55: Sheila Bonilla | D55: =SUM(E55:K55,L55:R55)/2 -> 23.25 | E55: 8 | F55: 8 | J55: 7.5 | M55: 7.5 | Q55: 7.5 | R55: 8
C56: Staff by 2pm | E56: =COUNT(E8:E15,E17:E22,#REF!,E26:E30,E32:E36,E38:E41,E43:E43,E45:E45,E47:E55) -> 11 | F56: =COUNT(F8:F15,F17:F22,#REF!,F26:F30,F32:F36,F38:F41,F43:F43,F45:F45,F47:F55) -> 11 | G56: =COUNT(G8:G15,G17:G22,#REF!,G26:G30,G32:G36,G38:G41,G43:G43,G45:G45,G47:G55) -> 17 | H56: =COUNT(H8:H15,H17:H22,#REF!,H26:H30,H32:H36,H38:H41,H43:H43,H45:H45,H47:H55) -> 16 | I56: =COUNT(I8:I15,I17:I22,#REF!,I26:I30,I32:I36,I38:I41,I43:I43,I45:I45,I47:I55) -> 16 | J56: =COUNT(J8:J15,J17:J22,#REF!,J26:J30,J32:J36,J38:J41,J43:J43,J45:J45,J47:J55) -> 14 | K56: =COUNT(K8:K15,K17:K22,#REF!,K26:K30,K32:K36,K38:K41,K43:K43,K45:K45,K47:K55) -> 13 | L56: =COUNT(L8:L15,L17:L22,#REF!,L26:L30,L32:L36,L38:L41,L43:L43,L45:L45,L47:L55) -> 11 | ... R56: =COUNT(R8:R15,R17:R22,#REF!,R26:R30,R32:R36,R38:R41,R43:R43,R45:R45,R47:R55) -> 12
A57: Pool | B57: 2:15pm-10:00pm | C57: Caleb Price | D57: =SUM(E57:K57,L57:R57)/2 -> 14.5 | G57: 7.25 | I57: 7.25 | J57: 7.25 | M57: 7.25 | N57: V | P57: V | Q57: V
A58: Pool | B58: 3:30pm-10:00pm | C58: Almaz Kelati | D58: =SUM(E58:K58,L58:R58)/2 -> 6 | H58: 6 | O58: 6
A59: Pool | B59: 4:30pm-10:00pm | C59: Esmerelda Molina | D59: =SUM(E59:K59,L59:R59)/2 -> 7.5 | H59: 5 | M59: 5 | O59: 5
A60: Pool | B60: 4:30pm-10:00pm | C60: Almaz Kelati | D60: =SUM(E60:K60,L60:R60)/2 -> 10 | I60: 5 | J60: 5 | P60: 5 | Q60: 5
C61: Staff at 2:30pm | E61: =COUNT(E17:E22,#REF!,E26:E30,E32:E36,E38:E41,E43:E43,E45:E45,E47:E55,E57) -> 9 | F61: =COUNT(F17:F22,#REF!,F26:F30,F32:F36,F38:F41,F43:F43,F45:F45,F47:F55,F57) -> 8 | G61: =COUNT(G17:G22,#REF!,G26:G30,G32:G36,G38:G41,G43:G43,G45:G45,G47:G55,G57) -> 14 | H61: =COUNT(H17:H22,#REF!,H26:H30,H32:H36,H38:H41,H43:H43,H45:H45,H47:H55,H57) -> 13 | I61: =COUNT(I17:I22,#REF!,I26:I30,I32:I36,I38:I41,I43:I43,I45:I45,I47:I55,I57) -> 14 | J61: =COUNT(J17:J22,#REF!,J26:J30,J32:J36,J38:J41,J43:J43,J45:J45,J47:J55,J57) -> 12 | K61: =COUNT(K17:K22,#REF!,K26:K30,K32:K36,K38:K41,K43:K43,K45:K45,K47:K55,K57) -> 9 | L61: =COUNT(L17:L22,#REF!,L26:L30,L32:L36,L38:L41,L43:L43,L45:L45,L47:L55,L57) -> 8 | ... R61: =COUNT(R17:R22,#REF!,R26:R30,R32:R36,R38:R41,R43:R43,R45:R45,R47:R55,R57) -> 9
C62: Staff at 3:30pm | E62: =COUNT(#REF!,E26:E30,E32:E36,E38:E41,E43:E43,E45:E45,E47:E55,E57:E58) -> 7 | F62: =COUNT(#REF!,F26:F30,F32:F36,F38:F41,F43:F43,F45:F45,F47:F55,F57:F58) -> 7 | G62: =COUNT(#REF!,G26:G30,G32:G36,G38:G41,G43:G43,G45:G45,G47:G55,G57:G58) -> 11 | H62: =COUNT(#REF!,H26:H30,H32:H36,H38:H41,H43:H43,H45:H45,H47:H55,H57:H58) -> 11 | I62: =COUNT(#REF!,I26:I30,I32:I36,I38:I41,I43:I43,I45:I45,I47:I55,I57:I58) -> 9 | J62: =COUNT(#REF!,J26:J30,J32:J36,J38:J41,J43:J43,J45:J45,J47:J55,J57:J58) -> 8 | K62: =COUNT(#REF!,K26:K30,K32:K36,K38:K41,K43:K43,K45:K45,K47:K55,K57:K58) -> 7 | L62: =COUNT(#REF!,L26:L30,L32:L36,L38:L41,L43:L43,L45:L45,L47:L55,L57:L58) -> 7 | ... R62: =COUNT(#REF!,R26:R30,R32:R36,R38:R41,R43:R43,R45:R45,R47:R55,R57:R58) -> 6
C63: Staff at 4:30pm | E63: =COUNT(E26:E30,E32:E36,E38:E41,E43:E43,E45:E45,E47:E55,E57:E60) -> 7 | F63: =COUNT(F26:F30,F32:F36,F38:F41,F43:F43,F45:F45,F47:F55,F57:F60) -> 7 | G63: =COUNT(G26:G30,G32:G36,G38:G41,G43:G43,G45:G45,G47:G55,G57:G60) -> 11 | H63: =COUNT(H26:H30,H32:H36,H38:H41,H43:H43,H45:H45,H47:H55,H57:H60) -> 12 | I63: =COUNT(I26:I30,I32:I36,I38:I41,I43:I43,I45:I45,I47:I55,I57:I60) -> 10 | J63: =COUNT(J26:J30,J32:J36,J38:J41,J43:J43,J45:J45,J47:J55,J57:J60) -> 9 | K63: =COUNT(K26:K30,K32:K36,K38:K41,K43:K43,K45:K45,K47:K55,K57:K60) -> 7 | L63: =COUNT(L26:L30,L32:L36,L38:L41,L43:L43,L45:L45,L47:L55,L57:L60) -> 7 | ... R63: =COUNT(R26:R30,R32:R36,R38:R41,R43:R43,R45:R45,R47:R55,R57:R60) -> 6
C64: Staff at 5:30pm | E64: =COUNT(E32:E36,E38:E41,E43:E43,E45:E45,E47:E55,E57:E60,#REF!) -> 6 | F64: =COUNT(F32:F36,F38:F41,F43:F43,F45:F45,F47:F55,F57:F60,#REF!) -> 7 | G64: =COUNT(G32:G36,G38:G41,G43:G43,G45:G45,G47:G55,G57:G60,#REF!) -> 10 | H64: =COUNT(H32:H36,H38:H41,H43:H43,H45:H45,H47:H55,H57:H60,#REF!) -> 9 | I64: =COUNT(I32:I36,I38:I41,I43:I43,I45:I45,I47:I55,I57:I60,#REF!) -> 8 | J64: =COUNT(J32:J36,J38:J41,J43:J43,J45:J45,J47:J55,J57:J60,#REF!) -> 9 | K64: =COUNT(K32:K36,K38:K41,K43:K43,K45:K45,K47:K55,K57:K60,#REF!) -> 6 | L64: =COUNT(L32:L36,L38:L41,L43:L43,L45:L45,L47:L55,L57:L60,#REF!) -> 6 | ... R64: =COUNT(R32:R36,R38:R41,R43:R43,R45:R45,R47:R55,R57:R60,#REF!) -> 5
C65: Staff at 6:30pm | E65: =COUNT(E38:E41,E43:E43,E45:E45,E47:E55,E57:E60,#REF!) -> 5 | F65: =COUNT(F38:F41,F43:F43,F45:F45,F47:F55,F57:F60,#REF!) -> 5 | G65: =COUNT(G38:G41,G43:G43,G45:G45,G47:G55,G57:G60,#REF!) -> 6 | H65: =COUNT(H38:H41,H43:H43,H45:H45,H47:H55,H57:H60,#REF!) -> 7 | I65: =COUNT(I38:I41,I43:I43,I45:I45,I47:I55,I57:I60,#REF!) -> 7 | J65: =COUNT(J38:J41,J43:J43,J45:J45,J47:J55,J57:J60,#REF!) -> 5 | K65: =COUNT(K38:K41,K43:K43,K45:K45,K47:K55,K57:K60,#REF!) -> 5 | L65: =COUNT(L38:L41,L43:L43,L45:L45,L47:L55,L57:L60,#REF!) -> 5 | ... R65: =COUNT(R38:R41,R43:R43,R45:R45,R47:R55,R57:R60,#REF!) -> 5
C66: Staff at 7:30pm | E66: =COUNT(E41,E43:E43,E45:E45,E47:E55,E57:E60,#REF!) -> 4 | F66: =COUNT(F41,F43:F43,F45:F45,F47:F55,F57:F60,#REF!) -> 5 | G66: =COUNT(G41,G43:G43,G45:G45,G47:G55,G57:G60,#REF!) -> 6 | H66: =COUNT(H41,H43:H43,H45:H45,H47:H55,H57:H60,#REF!) -> 6 | I66: =COUNT(I41,I43:I43,I45:I45,I47:I55,I57:I60,#REF!) -> 6 | J66: =COUNT(J41,J43:J43,J45:J45,J47:J55,J57:J60,#REF!) -> 5 | K66: =COUNT(K41,K43:K43,K45:K45,K47:K55,K57:K60,#REF!) -> 4 | L66: =COUNT(L41,L43:L43,L45:L45,L47:L55,L57:L60,#REF!) -> 4 | ... R66: =COUNT(R41,R43:R43,R45:R45,R47:R55,R57:R60,#REF!) -> 4
C67: Staff at 8:30pm | E67: =COUNT(E41,E45:E45,E47:E55,E57:E60,#REF!) -> 4 | F67: =COUNT(F41,F45:F45,F47:F55,F57:F60,#REF!) -> 5 | G67: =COUNT(G41,G45:G45,G47:G55,G57:G60,#REF!) -> 6 | H67: =COUNT(H41,H45:H45,H47:H55,H57:H60,#REF!) -> 6 | I67: =COUNT(I41,I45:I45,I47:I55,I57:I60,#REF!) -> 6 | J67: =COUNT(J41,J45:J45,J47:J55,J57:J60,#REF!) -> 5 | K67: =COUNT(K41,K45:K45,K47:K55,K57:K60,#REF!) -> 4 | L67: =COUNT(L41,L45:L45,L47:L55,L57:L60,#REF!) -> 4 | ... R67: =COUNT(R41,R45:R45,R47:R55,R57:R60,#REF!) -> 4
C68: Staff by 9:30pm | E68: =COUNT(E41,E47:E55,E57:E60,#REF!) -> 4 | F68: =COUNT(F41,F47:F55,F57:F60,#REF!) -> 4 | G68: =COUNT(G41,G47:G55,G57:G60,#REF!) -> 5 | H68: =COUNT(H41,H47:H55,H57:H60,#REF!) -> 5 | I68: =COUNT(I41,I47:I55,I57:I60,#REF!) -> 5 | J68: =COUNT(J41,J47:J55,J57:J60,#REF!) -> 5 | K68: =COUNT(K41,K47:K55,K57:K60,#REF!) -> 3 | L68: =COUNT(L41,L47:L55,L57:L60,#REF!) -> 3 | ... R68: =COUNT(R41,R47:R55,R57:R60,#REF!) -> 4
C69: Staff at 10:00pm | E69: =COUNT(#REF!) -> 0 | F69: =COUNT(#REF!) -> 0 | G69: =COUNT(#REF!) -> 0 | H69: =COUNT(#REF!) -> 0 | I69: =COUNT(#REF!) -> 0 | J69: =COUNT(#REF!) -> 0 | K69: =COUNT(#REF!) -> 0 | L69: =COUNT(#REF!) -> 0 | ... R69: =COUNT(#REF!) -> 0
A70: Zones
A71: Equipment | B71: 8:00am-11:00am | C71: Marcelette Jones | D71: =SUM(E71:K71,L71:R71)/2 -> 15.25 | G71: 7.5 | H71: 4 | M71: 7.5 | N71: 7.5 | O71: 4
A72: ER | B72: 12:00pm-10:00pm | C72: Angela Doering | D72: =SUM(E72:K72,L72:R72)/2 -> 33.25 | G72: 9.5 | H72: 9.5 | I72: 9.5 | M72: 9.5 | N72: 9.5 | O72: 9.5 | P72: 9.5
A73: ER | B73: 12:00pm-10:00pm | C73: Mark Huckle | D73: =SUM(E73:K73,L73:R73)/2 -> 38 | E73: 9.5 | F73: 9.5 | J73: 9.5 | K73: 9.5 | L73: 9.5 | M73: 9.5 | Q73: 9.5 | R73: 9.5
B74: Scheduled Elsewere | C74: (ED Transporter 1)
B75: COMP DATE (Tentative) | C75: (ED Transporter 2)
E76: =SUM(E7:E15,E17:E23,E26:E30,E32:E36,E38:E41,E43:E43,E45:E45,E47:E55,E57:E60,E71:E75) -> 104.5 | F76: =SUM(F7:F15,F17:F23,F26:F30,F32:F36,F38:F41,F43:F43,F45:F45,F47:F55,F57:F60,F71:F75) -> 105.5 | G76: =SUM(G7:G15,G17:G23,G26:G30,G32:G36,G38:G41,G43:G43,G45:G45,G47:G55,G57:G60,G71:G75) -> 172.25 | H76: =SUM(H7:H15,H17:H23,H26:H30,H32:H36,H38:H41,H43:H43,H45:H45,H47:H55,H57:H60,H71:H75) -> 164.5 | I76: =SUM(I7:I15,I17:I23,I26:I30,I32:I36,I38:I41,I43:I43,I45:I45,I47:I55,I57:I60,I71:I75) -> 156.75 | J76: =SUM(J7:J15,J17:J23,J26:J30,J32:J36,J38:J41,J43:J43,J45:J45,J47:J55,J57:J60,J71:J75) -> 142.25 | K76: =SUM(K7:K15,K17:K23,K26:K30,K32:K36,K38:K41,K43:K43,K45:K45,K47:K55,K57:K60,K71:K75) -> 115.5 | L76: =SUM(L7:L15,L17:L23,L26:L30,L32:L36,L38:L41,L43:L43,L45:L45,L47:L55,L57:L60,L71:L75) -> 104.5 | ... R76: =SUM(R7:R15,R17:R23,R26:R30,R32:R36,R38:R41,R43:R43,R45:R45,R47:R55,R57:R60,R71:R75) -> 104
E77: =E76/8 -> 13.0625 | F77: =F76/8 -> 13.1875 | G77: =G76/8 -> 21.53125 | H77: =H76/8 -> 20.5625 | I77: =I76/8 -> 19.59375 | J77: =J76/8 -> 17.78125 | K77: =K76/8 -> 14.4375 | L77: =L76/8 -> 13.0625 | ... R77: =R76/8 -> 13
D78: WEEK 1 | F78: HOURS | H78: THRESHOLD FTEs: | J78: HOURS | L78: WEEK 2 | M78: FTEs: | N78: HOURS | P78: THRESHOLD FTEs: | R78: HOURS
D79: Budgeted: | E79: 27.5 | F79: =E79* 40 & "hrs" -> 1100hrs | H79: Min: | I79: 25.93 | J79: 1037.2hrs | L79: Budgeted: | M79: 27.5 | N79: =M79* 40 & "hrs" -> 1100hrs | P79: Min: | Q79: 25.93 | R79: 1037.2hrs
D80: Actual: | E80: =SUM(E76:K76)/40 -> 24.03125 | F80: =E80* 40 & "hrs" -> 961.25hrs | H80: FTEs: | I80: =SUM(E76:K76)/40 -> 24.03125 | J80: =I80*40 & "hrs" -> 961.25hrs | L80: Actual: | M80: =SUM(L76:R76)/40 -> 24.01875 | N80: =M80* 40 & "hrs" -> 960.75hrs | P80: FTEs: | Q80: =SUM(L76:R76)/40 -> 24.01875 | R80: =Q80*40 & "hrs" -> 960.75hrs
D81: Training: | E81: =COUNTIFS(E7:K77, "T")*8/40 -> 0.6 | F81: =E81* 40 & "hrs" -> 24hrs | H81: Max: | I81: 29.07 | J81: 1162.8hrs | L81: Training: | M81: =COUNTIFS(L7:R77, "T")*8/40 -> 0.6 | N81: =M81* 40 & "hrs" -> 24hrs | P81: Max: | Q81: 29.07 | R81: 1162.8hrs
I83: 27.5

Sheet 8.23-9.5
A1: Patient Transportation
A2: Texas Health Dallas
E4: Week 1 | L4: Week 2 | T4: Time | U4: # of Staff
E5: 46257 | F5: 46258 | G5: 46259 | H5: 46260 | I5: 46261 | J5: 46262 | K5: 46263 | L5: 46264 | M5: 46265 | N5: 46266 | O5: 46267 | P5: 46268 | Q5: 46269 | R5: 46270 | T5: 0.25 | U5: =ROUNDDOWN(AVERAGE(E16:R16),0) -> 3
A6: Duty | B6: Shift | C6: Name | D6: Hrs | E6: S | F6: M | G6: T | H6: W | I6: T | J6: F | K6: S | L6: S | M6: M | N6: T | O6: W | P6: T | Q6: F | R6: S | T6: 0.29166667 | U6: =ROUNDDOWN(AVERAGE(E25:R25),0) -> 7
A7: Pool | B7: 6:00am-1:30pm | C7: Kojo Boakye | D7: =SUM(E7:K7,L7:R7)/2 -> 35 | F7: 7 | G7: 7 | H7: 7 | I7: 7 | J7: 7 | M7: 7 | N7: 7 | O7: 7 | P7: 7 | Q7: 7 | T7: 0.33333333 | U7: =ROUNDDOWN(AVERAGE(E26:R26),0) -> 7
A8: Pool | B8: 6:00am-2:30pm | C8: Eddy Toledo | D8: =SUM(E8:K8,L8:R8)/2 -> 40 | F8: 8 | G8: 8 | H8: 8 | J8: 8 | K8: 8 | L8: 8 | M8: 8 | N8: 8 | P8: 8 | Q8: 8 | T8: 0.375 | U8: =ROUNDDOWN(AVERAGE(E32:R32),0) -> 8
A9: Pool | B9: 6:00am-2:30pm | C9: Almaz Kidane | D9: =SUM(E9:K9,L9:R9)/2 -> 40 | F9: 8 | G9: 8 | H9: 8 | I9: 8 | J9: 8 | M9: 8 | N9: 8 | O9: 8 | P9: 8 | Q9: 8 | T9: 0.41666667 | U9: =ROUNDDOWN(AVERAGE(E38:R38),0) -> 11
A10: Pool | B10: 6:00am-2:30pm | C10: Marco Mendez | D10: =SUM(E10:K10,L10:R10)/2 -> 32 | E10: 8 | G10: 8 | H10: 8 | I10: 8 | J10: 8 | M10: 8 | N10: 8 | O10: 8 | Q10: V | R10: V | T10: 0.45833333 | U10: =ROUNDDOWN(AVERAGE(E43:R43),0) -> 11
A11: Pool | B11: 6:00am-2:30pm | C11: Mildred Alvarado | D11: =SUM(E11:K11,L11:R11)/2 -> 32 | F11: V | G11: V | I11: 8 | J11: 8 | K11: 8 | L11: 8 | N11: 8 | O11: 8 | P11: 8 | Q11: 8 | T11: 0.5 | U11: =ROUNDDOWN(AVERAGE(E44:R44),0) -> 12
A12: Pool | B12: 6:00am-2:30pm | C12: Adhika Tahija | D12: =SUM(E12:K12,L12:R12)/2 -> 8 | E12: 8 | R12: 8 | T12: 0.54166667 | U12: =ROUNDDOWN(AVERAGE(E46:R46),0) -> 12
A13: Pool | B13: 6:00am-2:30pm | C13: Alexa Ledezma | D13: =SUM(E13:K13,L13:R13)/2 -> 8 | K13: 8 | L13: 8 | T13: 0.58333333 | U13: =ROUNDDOWN(AVERAGE(E55:R55),0) -> 14
A14: Pool | B14: 6:00am-2:30pm | C14: Aaron Hoglund | D14: =SUM(E14:K14,L14:R14)/2 -> 8 | E14: 8 | R14: 8 | T14: 0.625 | U14: =ROUNDDOWN(AVERAGE(E60:R60),0) -> 12
A15: Pool | B15: 6:00am-2:30pm | C15: Almaz Kelati | D15: =SUM(E15:K15,L15:R15)/2 -> 8 | K15: 8 | R15: 8 | T15: 0.66666667 | U15: =ROUNDDOWN(AVERAGE(E61:R61),0) -> 9
C16: Staff by 6am | E16: =COUNT(E7:E15) -> 3 | F16: =COUNT(F7:F15) -> 3 | G16: =COUNT(G7:G15) -> 4 | H16: =COUNT(H7:H15) -> 4 | I16: =COUNT(I7:I15) -> 4 | J16: =COUNT(J7:J15) -> 5 | K16: =COUNT(K7:K15) -> 4 | L16: =COUNT(L7:L15) -> 3 | ... R16: =COUNT(R7:R15) -> 3 | T16: 0.70833333 | U16: =ROUNDDOWN(AVERAGE(E62:R62),0) -> 9
A17: Pool | B17: 7:00am-3:30pm | C17: Chase Pope | D17: =SUM(E17:K17,L17:R17)/2 -> 40 | F17: 8 | H17: 8 | I17: 8 | J17: 8 | K17: 8 | L17: 8 | N17: 8 | O17: 8 | P17: 8 | Q17: 8 | T17: 0.75 | U17: =ROUNDDOWN(AVERAGE(E63:R63),0) -> 8
A18: Pool | B18: 7:00am-3:30pm | C18: Alexa Ledezma | D18: =SUM(E18:K18,L18:R18)/2 -> 28 | F18: 8 | G18: 8 | H18: 8 | I18: 8 | M18: 8 | O18: 8 | P18: 8 | Q18: V | T18: 0.79166667 | U18: =ROUNDDOWN(AVERAGE(E64:R64),0) -> 6
A19: Pool | B19: 7:00am-3:30pm | C19: Raquel Cardoso | D19: =SUM(E19:K19,L19:R19)/2 -> 8 | K19: 8 | R19: 8 | T19: 0.83333333 | U19: =ROUNDDOWN(AVERAGE(E65:R65),0) -> 5
A20: Off Ext | B20: 7:00am-3:30pm | C20: Peter Hughes | T20: 0.875 | U20: =ROUNDDOWN(AVERAGE(E66:R66),0) -> 5
A21: Pool | B21: 7:00am-3:30pm | C21: Demetrius White | D21: =SUM(E21:K21,L21:R21)/2 -> 32 | E21: V | F21: V | H21: 8 | I21: 8 | J21: 8 | M21: 8 | N21: 8 | O21: 8 | Q21: 8 | R21: 8
A22: Pool | B22: 7:00am-3:30pm | C22: Esmerelda Molina | D22: =SUM(E22:K22,L22:R22)/2 -> 28 | E22: 8 | G22: 8 | I22: 8 | J22: 8 | N22: 8 | P22: 8 | Q22: 8 | T22: 0.91666667 | U22: =ROUNDDOWN(AVERAGE('[1]Master as of 2.17.25'!E61:R61), 0) -> 4
A23: Pool | B23: 7:00am-3:30pm | C23: Ruth Brown | D23: =SUM(E23:K23,L23:R23)/2 -> 40 | F23: 8 | G23: 8 | H23: 8 | I23: 8 | J23: 8 | M23: 8 | N23: 8 | O23: 8 | P23: 8 | Q23: 8
A24: Pool | B24: 7:30am-12:30pm | C24: Jackie Wilson | D24: =SUM(E24:K24,L24:R24)/2 -> 17.5 | E24: 5 | F24: 5 | G24: V | H24: 5 | L24: 5 | M24: 5 | N24: 5 | P24: 5
C25: Staff by 7am | E25: =COUNT(E7:E15,E17:E23) -> 4 | F25: =COUNT(F7:F15,F17:F23) -> 6 | G25: =COUNT(G7:G15,G17:G23) -> 7 | H25: =COUNT(H7:H15,H17:H23) -> 8 | I25: =COUNT(I7:I15,I17:I23) -> 9 | J25: =COUNT(J7:J15,J17:J23) -> 9 | K25: =COUNT(K7:K15,K17:K23) -> 6 | L25: =COUNT(L7:L15,L17:L23) -> 4 | ... R25: =COUNT(R7:R15,R17:R23) -> 5
C26: Staff by 8am | E26: =COUNT(E7:E15,E17:E24,#REF!) -> 5 | F26: =COUNT(F7:F15,F17:F24,#REF!) -> 7 | G26: =COUNT(G7:G15,G17:G24,#REF!) -> 7 | H26: =COUNT(H7:H15,H17:H24,#REF!) -> 9 | I26: =COUNT(I7:I15,I17:I24,#REF!) -> 9 | J26: =COUNT(J7:J15,J17:J24,#REF!) -> 9 | K26: =COUNT(K7:K15,K17:K24,#REF!) -> 6 | L26: =COUNT(L7:L15,L17:L24,#REF!) -> 5 | ... R26: =COUNT(R7:R15,R17:R24,#REF!) -> 5
A27: Pool | B27: 9:00am-5:30pm | C27: Joshua Thompson | D27: =SUM(E27:K27,L27:R27)/2 -> 32 | F27: 8 | G27: 8 | H27: 8 | I27: 8 | M27: 8 | O27: 8 | P27: 8 | Q27: 8
A28: Pool | B28: 9:00am-5:30pm | C28: Adhika Tahija | D28: =SUM(E28:K28,L28:R28)/2 -> 8 | F28: 8 | M28: 8
A29: Pool | B29: 9:00am-5:30pm | C29: Aaron Hoglund | D29: =SUM(E29:K29,L29:R29)/2 -> 8 | H29: 8 | O29: 8
A30: Pool | B30: 9:00am-5:30pm | C30: Raquel Cardoso | D30: =SUM(E30:K30,L30:R30)/2 -> 16 | H30: 8 | I30: 8 | O30: 8 | P30: 8
A31: Pool | B31: 9:00am-5:30pm | C31: Gilberto Santos | D31: =SUM(E31:K31,L31:R31)/2 -> 16 | E31: 8 | K31: 8 | L31: 8 | R31: 8
C32: Staff by 9am | E32: =COUNT(E7:E15,E17:E24,#REF!,E27:E31) -> 6 | F32: =COUNT(F7:F15,F17:F24,#REF!,F27:F31) -> 9 | G32: =COUNT(G7:G15,G17:G24,#REF!,G27:G31) -> 8 | H32: =COUNT(H7:H15,H17:H24,#REF!,H27:H31) -> 12 | I32: =COUNT(I7:I15,I17:I24,#REF!,I27:I31) -> 11 | J32: =COUNT(J7:J15,J17:J24,#REF!,J27:J31) -> 9 | K32: =COUNT(K7:K15,K17:K24,#REF!,K27:K31) -> 7 | L32: =COUNT(L7:L15,L17:L24,#REF!,L27:L31) -> 6 | ... R32: =COUNT(R7:R15,R17:R24,#REF!,R27:R31) -> 6
A33: Pool | B33: 10:00am-6:30pm | C33: Adhika Tahija | D33: =SUM(E33:K33,L33:R33)/2 -> 16 | G33: 8 | J33: 8 | O33: 8 | Q33: 8
A34: Pool | B34: 10:00am-6:30pm | C34: Maxwell Miller | D34: =SUM(E34:K34,L34:R34)/2 -> 32 | F34: 8 | G34: 8 | H34: 8 | J34: 8 | M34: 8 | N34: 8 | O34: 8 | Q34: 8
A35: Pool | B35: 10:00am-6:30pm | C35: Joshua Thompson | D35: =SUM(E35:K35,L35:R35)/2 -> 8 | K35: 8 | L35: 8
A36: Pool | B36: 10:00am-6:30pm | C36: Blair Alexander | D36: =SUM(E36:K36,L36:R36)/2 -> 40 | E36: 8 | G36: 8 | H36: 8 | I36: 8 | J36: 8 | M36: 8 | N36: 8 | O36: 8 | P36: 8 | R36: 8
A37: Pool | B37: 10:00am-6:30pm | C37: Aaron Hoglund | D37: =SUM(E37:K37,L37:R37)/2 -> 24 | F37: 8 | G37: 8 | J37: 8 | M37: 8 | N37: 8 | Q37: 8
C38: Staff by 10am | E38: =COUNT(E7:E15,E17:E24,#REF!,E27:E31,E33:E37) -> 7 | F38: =COUNT(F7:F15,F17:F24,#REF!,F27:F31,F33:F37) -> 11 | G38: =COUNT(G7:G15,G17:G24,#REF!,G27:G31,G33:G37) -> 12 | H38: =COUNT(H7:H15,H17:H24,#REF!,H27:H31,H33:H37) -> 14 | I38: =COUNT(I7:I15,I17:I24,#REF!,I27:I31,I33:I37) -> 12 | J38: =COUNT(J7:J15,J17:J24,#REF!,J27:J31,J33:J37) -> 13 | K38: =COUNT(K7:K15,K17:K24,#REF!,K27:K31,K33:K37) -> 8 | L38: =COUNT(L7:L15,L17:L24,#REF!,L27:L31,L33:L37) -> 7 | ... R38: =COUNT(R7:R15,R17:R24,#REF!,R27:R31,R33:R37) -> 7
A39: Pool | B39: 11:00am-7:30pm | C39: Maxwell Miller | D39: =SUM(E39:K39,L39:R39)/2 -> 8 | K39: 8 | L39: 8
A40: Off Ext | B40: 11:00am-7:30pm | C40: De'Ana Humphrey
A41: Pool | B41: 11:00am-7:30pm | C41: Juan Molina | D41: =SUM(E41:K41,L41:R41)/2 -> 24 | E41: 8 | H41: 8 | I41: 8 | O41: 8 | P41: 8 | R41: 8
A42: Pool | B42: 11:30am-10:00pm | C42: Eduardo Lopez | D42: =SUM(E42:K42,L42:R42)/2 -> 30 | E42: 10 | J42: 10 | K42: 10 | L42: 10 | Q42: 10 | R42: 10
C43: Staff by 11am | E43: =COUNT(E7:E15,E17:E24,#REF!,E27:E31,E33:E37,E39:E41) -> 8 | F43: =COUNT(F7:F15,F17:F24,#REF!,F27:F31,F33:F37,F39:F41) -> 11 | G43: =COUNT(G7:G15,G17:G24,#REF!,G27:G31,G33:G37,G39:G41) -> 12 | H43: =COUNT(H7:H15,H17:H24,#REF!,H27:H31,H33:H37,H39:H41) -> 15 | I43: =COUNT(I7:I15,I17:I24,#REF!,I27:I31,I33:I37,I39:I41) -> 13 | J43: =COUNT(J7:J15,J17:J24,#REF!,J27:J31,J33:J37,J39:J41) -> 13 | K43: =COUNT(K7:K15,K17:K24,#REF!,K27:K31,K33:K37,K39:K41) -> 9 | L43: =COUNT(L7:L15,L17:L24,#REF!,L27:L31,L33:L37,L39:L41) -> 8 | ... R43: =COUNT(R7:R15,R17:R24,#REF!,R27:R31,R33:R37,R39:R41) -> 8
C44: Staff by 12pm | E44: =COUNT(E7:E15,E17:E24,#REF!,E27:E31,E33:E37,E39:E42,#REF!) -> 9 | F44: =COUNT(F7:F15,F17:F24,#REF!,F27:F31,F33:F37,F39:F42,#REF!) -> 11 | G44: =COUNT(G7:G15,G17:G24,#REF!,G27:G31,G33:G37,G39:G42,#REF!) -> 12 | H44: =COUNT(H7:H15,H17:H24,#REF!,H27:H31,H33:H37,H39:H42,#REF!) -> 15 | I44: =COUNT(I7:I15,I17:I24,#REF!,I27:I31,I33:I37,I39:I42,#REF!) -> 13 | J44: =COUNT(J7:J15,J17:J24,#REF!,J27:J31,J33:J37,J39:J42,#REF!) -> 14 | K44: =COUNT(K7:K15,K17:K24,#REF!,K27:K31,K33:K37,K39:K42,#REF!) -> 10 | L44: =COUNT(L7:L15,L17:L24,#REF!,L27:L31,L33:L37,L39:L42,#REF!) -> 9 | ... R44: =COUNT(R7:R15,R17:R24,#REF!,R27:R31,R33:R37,R39:R42,#REF!) -> 9
A45: Pool | B45: 1:00pm-9:30pm | C45: Montell Taylor | D45: =SUM(E45:K45,L45:R45)/2 -> 40 | F45: 8 | G45: 8 | H45: 8 | I45: 8 | K45: 8 | L45: 8 | M45: 8 | N45: 8 | P45: 8 | Q45: 8
C46: Staff by 1pm | E46: =COUNT(E7:E15,E17:E23,#REF!,E27:E31,E33:E37,E39:E42,#REF!,E45:E45) -> 8 | F46: =COUNT(F7:F15,F17:F23,#REF!,F27:F31,F33:F37,F39:F42,#REF!,F45:F45) -> 11 | G46: =COUNT(G7:G15,G17:G23,#REF!,G27:G31,G33:G37,G39:G42,#REF!,G45:G45) -> 13 | H46: =COUNT(H7:H15,H17:H23,#REF!,H27:H31,H33:H37,H39:H42,#REF!,H45:H45) -> 15 | I46: =COUNT(I7:I15,I17:I23,#REF!,I27:I31,I33:I37,I39:I42,#REF!,I45:I45) -> 14 | J46: =COUNT(J7:J15,J17:J23,#REF!,J27:J31,J33:J37,J39:J42,#REF!,J45:J45) -> 14 | K46: =COUNT(K7:K15,K17:K23,#REF!,K27:K31,K33:K37,K39:K42,#REF!,K45:K45) -> 11 | L46: =COUNT(L7:L15,L17:L23,#REF!,L27:L31,L33:L37,L39:L42,#REF!,L45:L45) -> 9 | ... R46: =COUNT(R7:R15,R17:R23,#REF!,R27:R31,R33:R37,R39:R42,#REF!,R45:R45) -> 9
A47: Pool | B47: 1:30pm-10:00pm | C47: Gibran Ramos | D47: =SUM(E47:K47,L47:R47)/2 -> 40 | F47: 8 | G47: 8 | H47: 8 | I47: 8 | K47: 8 | L47: 8 | N47: 8 | O47: 8 | P47: 8 | Q47: 8
A48: TRAIN | B48: 1:30pm-10:00pm | C48: Najaf Ali
A49: Pool | B49: 1:30pm-10:00pm | C49: Hayven Garrett | D49: =SUM(E49:K49,L49:R49)/2 -> 40 | E49: 8 | G49: 8 | H49: 8 | I49: 8 | J49: 8 | M49: 8 | O49: 8 | P49: 8 | Q49: 8 | R49: 8
A50: Off Ext | B50: 1:30pm-10:00pm | C50: Kyle Jones
A51: Pool | B51: 1:30pm-10:00pm | C51: James Jones | D51: =SUM(E51:K51,L51:R51)/2 -> 40 | F51: 8 | G51: 8 | H51: 8 | I51: 8 | K51: 8 | L51: 8 | M51: 8 | N51: 8 | P51: 8 | Q51: 8
A52: Pool | B52: 1:30pm-10:00pm | C52: Almaz Kelati | D52: =SUM(E52:K52,L52:R52)/2 -> 16 | F52: 8 | G52: 8 | M52: 8 | N52: 8
A53: Pool | B53: 1:30pm-10:00pm | C53: Xavier Rodriguez-Villanueva | D53: =SUM(E53:K53,L53:R53)/2 -> 6.25 | E53: 8 | R53: 4.5
A54: Pool | B54: 2:00pm-10:00pm | C54: Sheila Bonilla | D54: =SUM(E54:K54,L54:R54)/2 -> 23 | E54: 8 | F54: 7.5 | J54: 7.5 | M54: 7.5 | Q54: 7.5 | R54: 8
C55: Staff by 2pm | E55: =COUNT(E8:E15,E17:E23,#REF!,E27:E31,E33:E37,E39:E42,#REF!,E45:E45,E47:E54) -> 11 | F55: =COUNT(F8:F15,F17:F23,#REF!,F27:F31,F33:F37,F39:F42,#REF!,F45:F45,F47:F54) -> 14 | G55: =COUNT(G8:G15,G17:G23,#REF!,G27:G31,G33:G37,G39:G42,#REF!,G45:G45,G47:G54) -> 16 | H55: =COUNT(H8:H15,H17:H23,#REF!,H27:H31,H33:H37,H39:H42,#REF!,H45:H45,H47:H54) -> 17 | I55: =COUNT(I8:I15,I17:I23,#REF!,I27:I31,I33:I37,I39:I42,#REF!,I45:I45,I47:I54) -> 16 | J55: =COUNT(J8:J15,J17:J23,#REF!,J27:J31,J33:J37,J39:J42,#REF!,J45:J45,J47:J54) -> 15 | K55: =COUNT(K8:K15,K17:K23,#REF!,K27:K31,K33:K37,K39:K42,#REF!,K45:K45,K47:K54) -> 13 | L55: =COUNT(L8:L15,L17:L23,#REF!,L27:L31,L33:L37,L39:L42,#REF!,L45:L45,L47:L54) -> 11 | ... R55: =COUNT(R8:R15,R17:R23,#REF!,R27:R31,R33:R37,R39:R42,#REF!,R45:R45,R47:R54) -> 12
A56: Pool | B56: 2:15pm-10:00pm | C56: Caleb Price | D56: =SUM(E56:K56,L56:R56)/2 -> 29 | F56: 7.25 | G56: 7.25 | I56: 7.25 | J56: 7.25 | M56: 7.25 | N56: 7.25 | P56: 7.25 | Q56: 7.25
A57: Pool | B57: 3:30pm-10:00pm | C57: Almaz Kelati | D57: =SUM(E57:K57,L57:R57)/2 -> 6 | H57: 6 | O57: 6
A58: Pool | B58: 4:30pm-10:00pm | C58: Esmerelda Molina | D58: =SUM(E58:K58,L58:R58)/2 -> 10 | F58: 5 | H58: 5 | M58: 5 | O58: 5
A59: Pool | B59: 4:30pm-10:00pm | C59: Almaz Kelati | D59: =SUM(E59:K59,L59:R59)/2 -> 10 | I59: 5 | J59: 5 | P59: 5 | Q59: 5
C60: Staff at 2:30pm | E60: =COUNT(E17:E23,#REF!,E27:E31,E33:E37,E39:E42,#REF!,E45:E45,E47:E54,E56) -> 8 | F60: =COUNT(F17:F23,#REF!,F27:F31,F33:F37,F39:F42,#REF!,F45:F45,F47:F54,F56) -> 13 | G60: =COUNT(G17:G23,#REF!,G27:G31,G33:G37,G39:G42,#REF!,G45:G45,G47:G54,G56) -> 14 | H60: =COUNT(H17:H23,#REF!,H27:H31,H33:H37,H39:H42,#REF!,H45:H45,H47:H54,H56) -> 14 | I60: =COUNT(I17:I23,#REF!,I27:I31,I33:I37,I39:I42,#REF!,I45:I45,I47:I54,I56) -> 14 | J60: =COUNT(J17:J23,#REF!,J27:J31,J33:J37,J39:J42,#REF!,J45:J45,J47:J54,J56) -> 12 | K60: =COUNT(K17:K23,#REF!,K27:K31,K33:K37,K39:K42,#REF!,K45:K45,K47:K54,K56) -> 9 | L60: =COUNT(L17:L23,#REF!,L27:L31,L33:L37,L39:L42,#REF!,L45:L45,L47:L54,L56) -> 8 | ... R60: =COUNT(R17:R23,#REF!,R27:R31,R33:R37,R39:R42,#REF!,R45:R45,R47:R54,R56) -> 9
C61: Staff at 3:30pm | E61: =COUNT(#REF!,E27:E31,E33:E37,E39:E42,#REF!,E45:E45,E47:E54,E56:E57) -> 7 | F61: =COUNT(#REF!,F27:F31,F33:F37,F39:F42,#REF!,F45:F45,F47:F54,F56:F57) -> 10 | G61: =COUNT(#REF!,G27:G31,G33:G37,G39:G42,#REF!,G45:G45,G47:G54,G56:G57) -> 11 | H61: =COUNT(#REF!,H27:H31,H33:H37,H39:H42,#REF!,H45:H45,H47:H54,H56:H57) -> 11 | I61: =COUNT(#REF!,I27:I31,I33:I37,I39:I42,#REF!,I45:I45,I47:I54,I56:I57) -> 9 | J61: =COUNT(#REF!,J27:J31,J33:J37,J39:J42,#REF!,J45:J45,J47:J54,J56:J57) -> 8 | K61: =COUNT(#REF!,K27:K31,K33:K37,K39:K42,#REF!,K45:K45,K47:K54,K56:K57) -> 7 | L61: =COUNT(#REF!,L27:L31,L33:L37,L39:L42,#REF!,L45:L45,L47:L54,L56:L57) -> 7 | ... R61: =COUNT(#REF!,R27:R31,R33:R37,R39:R42,#REF!,R45:R45,R47:R54,R56:R57) -> 7
C62: Staff at 4:30pm | E62: =COUNT(E27:E31,E33:E37,E39:E42,#REF!,E45:E45,E47:E54,E56:E59) -> 7 | F62: =COUNT(F27:F31,F33:F37,F39:F42,#REF!,F45:F45,F47:F54,F56:F59) -> 11 | G62: =COUNT(G27:G31,G33:G37,G39:G42,#REF!,G45:G45,G47:G54,G56:G59) -> 11 | H62: =COUNT(H27:H31,H33:H37,H39:H42,#REF!,H45:H45,H47:H54,H56:H59) -> 12 | I62: =COUNT(I27:I31,I33:I37,I39:I42,#REF!,I45:I45,I47:I54,I56:I59) -> 10 | J62: =COUNT(J27:J31,J33:J37,J39:J42,#REF!,J45:J45,J47:J54,J56:J59) -> 9 | K62: =COUNT(K27:K31,K33:K37,K39:K42,#REF!,K45:K45,K47:K54,K56:K59) -> 7 | L62: =COUNT(L27:L31,L33:L37,L39:L42,#REF!,L45:L45,L47:L54,L56:L59) -> 7 | ... R62: =COUNT(R27:R31,R33:R37,R39:R42,#REF!,R45:R45,R47:R54,R56:R59) -> 7
C63: Staff at 5:30pm | E63: =COUNT(E33:E37,E39:E42,#REF!,E45:E45,E47:E54,E56:E59,#REF!) -> 6 | F63: =COUNT(F33:F37,F39:F42,#REF!,F45:F45,F47:F54,F56:F59,#REF!) -> 9 | G63: =COUNT(G33:G37,G39:G42,#REF!,G45:G45,G47:G54,G56:G59,#REF!) -> 10 | H63: =COUNT(H33:H37,H39:H42,#REF!,H45:H45,H47:H54,H56:H59,#REF!) -> 9 | I63: =COUNT(I33:I37,I39:I42,#REF!,I45:I45,I47:I54,I56:I59,#REF!) -> 8 | J63: =COUNT(J33:J37,J39:J42,#REF!,J45:J45,J47:J54,J56:J59,#REF!) -> 9 | K63: =COUNT(K33:K37,K39:K42,#REF!,K45:K45,K47:K54,K56:K59,#REF!) -> 6 | L63: =COUNT(L33:L37,L39:L42,#REF!,L45:L45,L47:L54,L56:L59,#REF!) -> 6 | ... R63: =COUNT(R33:R37,R39:R42,#REF!,R45:R45,R47:R54,R56:R59,#REF!) -> 6
C64: Staff at 6:30pm | E64: =COUNT(E39:E42,#REF!,E45:E45,E47:E54,E56:E59,#REF!) -> 5 | F64: =COUNT(F39:F42,#REF!,F45:F45,F47:F54,F56:F59,#REF!) -> 7 | G64: =COUNT(G39:G42,#REF!,G45:G45,G47:G54,G56:G59,#REF!) -> 6 | H64: =COUNT(H39:H42,#REF!,H45:H45,H47:H54,H56:H59,#REF!) -> 7 | I64: =COUNT(I39:I42,#REF!,I45:I45,I47:I54,I56:I59,#REF!) -> 7 | J64: =COUNT(J39:J42,#REF!,J45:J45,J47:J54,J56:J59,#REF!) -> 5 | K64: =COUNT(K39:K42,#REF!,K45:K45,K47:K54,K56:K59,#REF!) -> 5 | L64: =COUNT(L39:L42,#REF!,L45:L45,L47:L54,L56:L59,#REF!) -> 5 | ... R64: =COUNT(R39:R42,#REF!,R45:R45,R47:R54,R56:R59,#REF!) -> 5
C65: Staff at 7:30pm | E65: =COUNT(E42,#REF!,E45:E45,E47:E54,E56:E59,#REF!) -> 4 | F65: =COUNT(F42,#REF!,F45:F45,F47:F54,F56:F59,#REF!) -> 7 | G65: =COUNT(G42,#REF!,G45:G45,G47:G54,G56:G59,#REF!) -> 6 | H65: =COUNT(H42,#REF!,H45:H45,H47:H54,H56:H59,#REF!) -> 6 | I65: =COUNT(I42,#REF!,I45:I45,I47:I54,I56:I59,#REF!) -> 6 | J65: =COUNT(J42,#REF!,J45:J45,J47:J54,J56:J59,#REF!) -> 5 | K65: =COUNT(K42,#REF!,K45:K45,K47:K54,K56:K59,#REF!) -> 4 | L65: =COUNT(L42,#REF!,L45:L45,L47:L54,L56:L59,#REF!) -> 4 | ... R65: =COUNT(R42,#REF!,R45:R45,R47:R54,R56:R59,#REF!) -> 4
C66: Staff at 8:30pm | E66: =COUNT(E42,E45:E45,E47:E54,E56:E59,#REF!) -> 4 | F66: =COUNT(F42,F45:F45,F47:F54,F56:F59,#REF!) -> 7 | G66: =COUNT(G42,G45:G45,G47:G54,G56:G59,#REF!) -> 6 | H66: =COUNT(H42,H45:H45,H47:H54,H56:H59,#REF!) -> 6 | I66: =COUNT(I42,I45:I45,I47:I54,I56:I59,#REF!) -> 6 | J66: =COUNT(J42,J45:J45,J47:J54,J56:J59,#REF!) -> 5 | K66: =COUNT(K42,K45:K45,K47:K54,K56:K59,#REF!) -> 4 | L66: =COUNT(L42,L45:L45,L47:L54,L56:L59,#REF!) -> 4 | ... R66: =COUNT(R42,R45:R45,R47:R54,R56:R59,#REF!) -> 4
C67: Staff by 9:30pm | E67: =COUNT(E42,E47:E54,E56:E59,#REF!) -> 4 | F67: =COUNT(F42,F47:F54,F56:F59,#REF!) -> 6 | G67: =COUNT(G42,G47:G54,G56:G59,#REF!) -> 5 | H67: =COUNT(H42,H47:H54,H56:H59,#REF!) -> 5 | I67: =COUNT(I42,I47:I54,I56:I59,#REF!) -> 5 | J67: =COUNT(J42,J47:J54,J56:J59,#REF!) -> 5 | K67: =COUNT(K42,K47:K54,K56:K59,#REF!) -> 3 | L67: =COUNT(L42,L47:L54,L56:L59,#REF!) -> 3 | ... R67: =COUNT(R42,R47:R54,R56:R59,#REF!) -> 4
C68: Staff at 10:00pm | E68: =COUNT(#REF!) -> 0 | F68: =COUNT(#REF!) -> 0 | G68: =COUNT(#REF!) -> 0 | H68: =COUNT(#REF!) -> 0 | I68: =COUNT(#REF!) -> 0 | J68: =COUNT(#REF!) -> 0 | K68: =COUNT(#REF!) -> 0 | L68: =COUNT(#REF!) -> 0 | ... R68: =COUNT(#REF!) -> 0
A69: Zones
A70: Equipment | B70: 8:00am-11:00am | C70: Marcelette Jones | D70: =SUM(E70:K70,L70:R70)/2 -> 19 | F70: 7.5 | G70: 7.5 | H70: 4 | M70: 7.5 | N70: 7.5 | O70: 4
A71: ER | B71: 12:00pm-10:00pm | C71: Angela Doering | D71: =SUM(E71:K71,L71:R71)/2 -> 38 | F71: 9.5 | G71: 9.5 | H71: 9.5 | I71: 9.5 | M71: 9.5 | N71: 9.5 | O71: 9.5 | P71: 9.5
A72: ER | B72: 12:00pm-10:00pm | C72: Mark Huckle | D72: =SUM(E72:K72,L72:R72)/2 -> 33.25 | E72: 9.5 | F72: 9.5 | J72: 9.5 | K72: 9.5 | L72: 9.5 | M72: 9.5 | Q72: V | R72: 9.5
B73: Scheduled Elsewere | C73: (ED Transporter 1)
B74: COMP DATE (Tentative) | C74: (ED Transporter 2)
E75: =SUM(E7:E15,E17:E24,E27:E31,E33:E37,E39:E42,E45:E45,E47:E54,E56:E59,E70:E74) -> 104.5 | F75: =SUM(F7:F15,F17:F24,F27:F31,F33:F37,F39:F42,F45:F45,F47:F54,F56:F59,F70:F74) -> 162.25 | G75: =SUM(G7:G15,G17:G24,G27:G31,G33:G37,G39:G42,G45:G45,G47:G54,G56:G59,G70:G74) -> 159.25 | H75: =SUM(H7:H15,H17:H24,H27:H31,H33:H37,H39:H42,H45:H45,H47:H54,H56:H59,H70:H74) -> 172.5 | I75: =SUM(I7:I15,I17:I24,I27:I31,I33:I37,I39:I42,I45:I45,I47:I54,I56:I59,I70:I74) -> 156.75 | J75: =SUM(J7:J15,J17:J24,J27:J31,J33:J37,J39:J42,J45:J45,J47:J54,J56:J59,J70:J74) -> 150.25 | K75: =SUM(K7:K15,K17:K24,K27:K31,K33:K37,K39:K42,K45:K45,K47:K54,K56:K59,K70:K74) -> 115.5 | L75: =SUM(L7:L15,L17:L24,L27:L31,L33:L37,L39:L42,L45:L45,L47:L54,L56:L59,L70:L74) -> 104.5 | ... R75: =SUM(R7:R15,R17:R24,R27:R31,R33:R37,R39:R42,R45:R45,R47:R54,R56:R59,R70:R74) -> 104
E76: =E75/8 -> 13.0625 | F76: =F75/8 -> 20.28125 | G76: =G75/8 -> 19.90625 | H76: =H75/8 -> 21.5625 | I76: =I75/8 -> 19.59375 | J76: =J75/8 -> 18.78125 | K76: =K75/8 -> 14.4375 | L76: =L75/8 -> 13.0625 | ... R76: =R75/8 -> 13
D77: WEEK 1 | F77: HOURS | H77: THRESHOLD FTEs: | J77: HOURS | L77: WEEK 2 | M77: FTEs: | N77: HOURS | P77: THRESHOLD FTEs: | R77: HOURS
D78: Budgeted: | E78: 27.5 | F78: =E78* 40 & "hrs" -> 1100hrs | H78: Min: | I78: 25.93 | J78: 1037.2hrs | L78: Budgeted: | M78: 27.5 | N78: =M78* 40 & "hrs" -> 1100hrs | P78: Min: | Q78: 25.93 | R78: 1037.2hrs
D79: Actual: | E79: =SUM(E75:K75)/40 -> 25.525 | F79: =E79* 40 & "hrs" -> 1021hrs | H79: FTEs: | I79: =SUM(E75:K75)/40 -> 25.525 | J79: =I79*40 & "hrs" -> 1021hrs | L79: Actual: | M79: =SUM(L75:R75)/40 -> 25.325 | N79: =M79* 40 & "hrs" -> 1013hrs | P79: FTEs: | Q79: =SUM(L75:R75)/40 -> 25.325 | R79: =Q79*40 & "hrs" -> 1013hrs
D80: Training: | E80: =COUNTIFS(E7:K76, "T")*8/40 -> 0 | F80: =E80* 40 & "hrs" -> 0hrs | H80: Max: | I80: 29.07 | J80: 1162.8hrs | L80: Training: | M80: =COUNTIFS(L7:R76, "T")*8/40 -> 0 | N80: =M80* 40 & "hrs" -> 0hrs | P80: Max: | Q80: 29.07 | R80: 1162.8hrs
I82: 27.5

Sheet 8.9-8.22
A1: Patient Transportation
A2: Texas Health Dallas
E4: Week 1 | L4: Week 2 | T4: Time | U4: # of Staff
E5: 46243 | F5: 46244 | G5: 46245 | H5: 46246 | I5: 46247 | J5: 46248 | K5: 46249 | L5: 46250 | M5: 46251 | N5: 46252 | O5: 46253 | P5: 46254 | Q5: 46255 | R5: 46256 | T5: 0.25 | U5: =ROUNDDOWN(AVERAGE(E16:R16),0) -> 4
A6: Duty | B6: Shift | C6: Name | D6: Hrs | E6: S | F6: M | G6: T | H6: W | I6: T | J6: F | K6: S | L6: S | M6: M | N6: T | O6: W | P6: T | Q6: F | R6: S | T6: 0.29166667 | U6: =ROUNDDOWN(AVERAGE(E23:R23),0) -> 6
A7: Pool | B7: 6:00am-1:30pm | C7: Kojo Boakye | D7: =SUM(E7:K7,L7:R7)/2 -> 35 | F7: 7 | G7: 7 | H7: 7 | I7: 7 | J7: 7 | M7: 7 | N7: 7 | O7: 7 | P7: 7 | Q7: 7 | T7: 0.33333333 | U7: =ROUNDDOWN(AVERAGE(E24:R24),0) -> 7
A8: Pool | B8: 6:00am-2:30pm | C8: Eddy Toledo | D8: =SUM(E8:K8,L8:R8)/2 -> 40 | F8: 8 | G8: 8 | H8: 8 | J8: 8 | K8: 8 | L8: 8 | M8: 8 | N8: 8 | P8: 8 | Q8: 8 | T8: 0.375 | U8: =ROUNDDOWN(AVERAGE(E30:R30),0) -> 8
A9: Pool | B9: 6:00am-2:30pm | C9: Almaz Kidane | D9: =SUM(E9:K9,L9:R9)/2 -> 40 | F9: 8 | G9: 8 | H9: 8 | I9: 8 | J9: 8 | M9: 8 | N9: 8 | O9: 8 | P9: 8 | Q9: 8 | T9: 0.41666667 | U9: =ROUNDDOWN(AVERAGE(E36:R36),0) -> 10
A10: Pool | B10: 6:00am-2:30pm | C10: Marco Mendez | D10: =SUM(E10:K10,L10:R10)/2 -> 40 | E10: 8 | G10: 8 | H10: 8 | I10: 8 | J10: 8 | M10: 8 | N10: 8 | O10: 8 | Q10: 8 | R10: 8 | T10: 0.45833333 | U10: =ROUNDDOWN(AVERAGE(E41:R41),0) -> 11
A11: Pool | B11: 6:00am-2:30pm | C11: Mildred Alvarado | D11: =SUM(E11:K11,L11:R11)/2 -> 40 | F11: 8 | G11: 8 | I11: 8 | J11: 8 | K11: 8 | L11: 8 | N11: 8 | O11: 8 | P11: 8 | Q11: 8 | T11: 0.5 | U11: =ROUNDDOWN(AVERAGE(E43:R43),0) -> 12
A12: Pool | B12: 6:00am-2:30pm | C12: Adhika Tahija | D12: =SUM(E12:K12,L12:R12)/2 -> 8 | E12: 8 | R12: 8 | T12: 0.54166667 | U12: =ROUNDDOWN(AVERAGE(E45:R45),0) -> 13
A13: Pool | B13: 6:00am-2:30pm | C13: Cecilia Ortiz | D13: =SUM(E13:K13,L13:R13)/2 -> 8 | K13: 8 | L13: 8 | T13: 0.58333333 | U13: =ROUNDDOWN(AVERAGE(E54:R54),0) -> 15
A14: Pool | B14: 6:00am-2:30pm | C14: Aaron Hoglund | D14: =SUM(E14:K14,L14:R14)/2 -> 8 | E14: 8 | R14: 8 | T14: 0.625 | U14: =ROUNDDOWN(AVERAGE(E59:R59),0) -> 12
A15: Pool | B15: 6:00am-2:30pm | C15: Almaz Kelati | D15: =SUM(E15:K15,L15:R15)/2 -> 8 | K15: 8 | R15: 8 | T15: 0.66666667 | U15: =ROUNDDOWN(AVERAGE(E60:R60),0) -> 10
C16: Staff by 6am | E16: =COUNT(E7:E15) -> 3 | F16: =COUNT(F7:F15) -> 4 | G16: =COUNT(G7:G15) -> 5 | H16: =COUNT(H7:H15) -> 4 | I16: =COUNT(I7:I15) -> 4 | J16: =COUNT(J7:J15) -> 5 | K16: =COUNT(K7:K15) -> 4 | L16: =COUNT(L7:L15) -> 3 | ... R16: =COUNT(R7:R15) -> 4 | T16: 0.70833333 | U16: =ROUNDDOWN(AVERAGE(E61:R61),0) -> 11
A17: Pool | B17: 7:00am-3:30pm | C17: Chase Pope | D17: =SUM(E17:K17,L17:R17)/2 -> 40 | F17: 8 | H17: 8 | I17: 8 | J17: 8 | K17: 8 | L17: 8 | N17: 8 | O17: 8 | P17: 8 | Q17: 8 | T17: 0.75 | U17: =ROUNDDOWN(AVERAGE(E62:R62),0) -> 9
A18: Pool | B18: 7:00am-3:30pm | C18: Cecilia Ortiz | D18: =SUM(E18:K18,L18:R18)/2 -> 32 | F18: 8 | G18: 8 | H18: 8 | I18: 8 | M18: 8 | N18: 8 | P18: 8 | Q18: 8 | T18: 0.79166667 | U18: =ROUNDDOWN(AVERAGE(E63:R63),0) -> 7
A19: Pool | B19: 7:00am-3:30pm | C19: Raquel Cardoso | D19: =SUM(E19:K19,L19:R19)/2 -> 8 | K19: 8 | R19: 8 | T19: 0.83333333 | U19: =ROUNDDOWN(AVERAGE(E64:R64),0) -> 6
A20: Pool | B20: 7:00am-3:30pm | C20: Demetrius White | D20: =SUM(E20:K20,L20:R20)/2 -> 32 | E20: 8 | F20: 8 | H20: 8 | I20: 8 | J20: 8 | M20: 8 | N20: 8 | O20: 8 | Q20: V | R20: V | T20: 0.875 | U20: =ROUNDDOWN(AVERAGE(E65:R65),0) -> 5
A21: Pool | B21: 7:00am-3:30pm | C21: Ruth Brown | D21: =SUM(E21:K21,L21:R21)/2 -> 24 | F21: 8 | G21: 8 | H21: 8 | I21: 8 | J21: 8 | M21: 8 | N21: V | O21: V | P21: V | Q21: V | T21: 0.91666667 | U21: =ROUNDDOWN(AVERAGE('Master as of 2.17.25'!E61:R61), 0) -> 4
A22: Pool | B22: 7:30am-12:30pm | C22: Jackie Wilson | D22: =SUM(E22:K22,L22:R22)/2 -> 17.5 | E22: 5 | G22: 5 | H22: 5 | L22: 5 | M22: 5 | N22: 5 | P22: 5
C23: Staff by 7am | E23: =COUNT(E7:E15,E17:E21) -> 4 | F23: =COUNT(F7:F15,F17:F21) -> 8 | G23: =COUNT(G7:G15,G17:G21) -> 7 | H23: =COUNT(H7:H15,H17:H21) -> 8 | I23: =COUNT(I7:I15,I17:I21) -> 8 | J23: =COUNT(J7:J15,J17:J21) -> 8 | K23: =COUNT(K7:K15,K17:K21) -> 6 | L23: =COUNT(L7:L15,L17:L21) -> 4 | ... R23: =COUNT(R7:R15,R17:R21) -> 5
C24: Staff by 8am | E24: =COUNT(E7:E15,E17:E22,#REF!) -> 5 | F24: =COUNT(F7:F15,F17:F22,#REF!) -> 8 | G24: =COUNT(G7:G15,G17:G22,#REF!) -> 8 | H24: =COUNT(H7:H15,H17:H22,#REF!) -> 9 | I24: =COUNT(I7:I15,I17:I22,#REF!) -> 8 | J24: =COUNT(J7:J15,J17:J22,#REF!) -> 8 | K24: =COUNT(K7:K15,K17:K22,#REF!) -> 6 | L24: =COUNT(L7:L15,L17:L22,#REF!) -> 5 | ... R24: =COUNT(R7:R15,R17:R22,#REF!) -> 5
A25: Pool | B25: 9:00am-5:30pm | C25: Joshua Thompson | D25: =SUM(E25:K25,L25:R25)/2 -> 32 | F25: 8 | G25: 8 | H25: 8 | I25: 8 | M25: 8 | O25: 8 | P25: 8 | Q25: 8
A26: Pool | B26: 9:00am-5:30pm | C26: Adhika Tahija | D26: =SUM(E26:K26,L26:R26)/2 -> 8 | F26: 8 | M26: 8
A27: Pool | B27: 9:00am-5:30pm | C27: Aaron Hoglund | D27: =SUM(E27:K27,L27:R27)/2 -> 8 | H27: 8 | O27: 8
A28: Pool | B28: 9:00am-5:30pm | C28: Raquel Cardoso | D28: =SUM(E28:K28,L28:R28)/2 -> 8 | I28: 8 | P28: 8
A29: Pool | B29: 9:00am-5:30pm | C29: Gilberto Santos | D29: =SUM(E29:K29,L29:R29)/2 -> 16 | E29: 8 | K29: 8 | L29: 8 | R29: 8
C30: Staff by 9am | E30: =COUNT(E7:E15,E17:E22,#REF!,E25:E29) -> 6 | F30: =COUNT(F7:F15,F17:F22,#REF!,F25:F29) -> 10 | G30: =COUNT(G7:G15,G17:G22,#REF!,G25:G29) -> 9 | H30: =COUNT(H7:H15,H17:H22,#REF!,H25:H29) -> 11 | I30: =COUNT(I7:I15,I17:I22,#REF!,I25:I29) -> 10 | J30: =COUNT(J7:J15,J17:J22,#REF!,J25:J29) -> 8 | K30: =COUNT(K7:K15,K17:K22,#REF!,K25:K29) -> 7 | L30: =COUNT(L7:L15,L17:L22,#REF!,L25:L29) -> 6 | ... R30: =COUNT(R7:R15,R17:R22,#REF!,R25:R29) -> 6
A31: Pool | B31: 10:00am-6:30pm | C31: Adhika Tahija | D31: =SUM(E31:K31,L31:R31)/2 -> 16 | G31: 8 | J31: V | N31: 8 | O31: 8 | Q31: 8
A32: Pool | B32: 10:00am-6:30pm | C32: Maxwell Miller | D32: =SUM(E32:K32,L32:R32)/2 -> 28 | F32: 8 | G32: 8 | H32: 8 | J32: 8 | M32: 8 | N32: V | O32: 8 | Q32: 8
A33: Pool | B33: 10:00am-6:30pm | C33: Joshua Thompson | D33: =SUM(E33:K33,L33:R33)/2 -> 8 | K33: 8 | L33: 8
A34: Pool | B34: 10:00am-6:30pm | C34: Alexa Ledezma | D34: =SUM(E34:K34,L34:R34)/2 -> 40 | E34: 8 | G34: 8 | H34: 8 | I34: 8 | J34: 8 | M34: 8 | N34: 8 | O34: 8 | P34: 8 | R34: 8
A35: Pool | B35: 10:00am-6:30pm | C35: Aaron Hoglund | D35: =SUM(E35:K35,L35:R35)/2 -> 24 | F35: 8 | G35: 8 | J35: 8 | M35: 8 | N35: 8 | Q35: 8
C36: Staff by 10am | E36: =COUNT(E7:E15,E17:E22,#REF!,E25:E29,E31:E35) -> 7 | F36: =COUNT(F7:F15,F17:F22,#REF!,F25:F29,F31:F35) -> 12 | G36: =COUNT(G7:G15,G17:G22,#REF!,G25:G29,G31:G35) -> 13 | H36: =COUNT(H7:H15,H17:H22,#REF!,H25:H29,H31:H35) -> 13 | I36: =COUNT(I7:I15,I17:I22,#REF!,I25:I29,I31:I35) -> 11 | J36: =COUNT(J7:J15,J17:J22,#REF!,J25:J29,J31:J35) -> 11 | K36: =COUNT(K7:K15,K17:K22,#REF!,K25:K29,K31:K35) -> 8 | L36: =COUNT(L7:L15,L17:L22,#REF!,L25:L29,L31:L35) -> 7 | ... R36: =COUNT(R7:R15,R17:R22,#REF!,R25:R29,R31:R35) -> 7
A37: Pool | B37: 11:00am-7:30pm | C37: Maxwell Miller | D37: =SUM(E37:K37,L37:R37)/2 -> 8 | K37: 8 | L37: 8
A38: Pool | B38: 11:00am-7:30pm | C38: Hayven Garrett | D38: =SUM(E38:K38,L38:R38)/2 -> 40 | E38: 8 | F38: 8 | G38: 8 | I38: 8 | J38: 8 | N38: 8 | O38: 8 | P38: 8 | Q38: 8 | R38: 8
A39: Pool | B39: 11:00am-7:30pm | C39: Juan Molina | D39: =SUM(E39:K39,L39:R39)/2 -> 24 | E39: 8 | H39: 8 | I39: 8 | O39: 8 | P39: 8 | R39: 8
A40: Pool | B40: 11:30am-10:00pm | C40: Eduardo Lopez | D40: =SUM(E40:K40,L40:R40)/2 -> 25 | E40: 10 | J40: 10 | K40: 10 | L40: V | Q40: 10 | R40: 10
C41: Staff by 11am | E41: =COUNT(E7:E15,E17:E22,#REF!,E25:E29,E31:E35,E37:E39) -> 9 | F41: =COUNT(F7:F15,F17:F22,#REF!,F25:F29,F31:F35,F37:F39) -> 13 | G41: =COUNT(G7:G15,G17:G22,#REF!,G25:G29,G31:G35,G37:G39) -> 14 | H41: =COUNT(H7:H15,H17:H22,#REF!,H25:H29,H31:H35,H37:H39) -> 14 | I41: =COUNT(I7:I15,I17:I22,#REF!,I25:I29,I31:I35,I37:I39) -> 13 | J41: =COUNT(J7:J15,J17:J22,#REF!,J25:J29,J31:J35,J37:J39) -> 12 | K41: =COUNT(K7:K15,K17:K22,#REF!,K25:K29,K31:K35,K37:K39) -> 9 | L41: =COUNT(L7:L15,L17:L22,#REF!,L25:L29,L31:L35,L37:L39) -> 8 | ... R41: =COUNT(R7:R15,R17:R22,#REF!,R25:R29,R31:R35,R37:R39) -> 9
A42: Pool | B42: 12:00pm-8:30pm | C42: Blair Alexander | D42: =SUM(E42:K42,L42:R42)/2 -> 40 | F42: 8 | G42: 8 | H42: 8 | J42: 8 | K42: 8 | L42: 8 | N42: 8 | O42: 8 | P42: 8 | Q42: 8
C43: Staff by 12pm | E43: =COUNT(E7:E15,E17:E22,#REF!,E25:E29,E31:E35,E37:E40,E42:E42) -> 10 | F43: =COUNT(F7:F15,F17:F22,#REF!,F25:F29,F31:F35,F37:F40,F42:F42) -> 14 | G43: =COUNT(G7:G15,G17:G22,#REF!,G25:G29,G31:G35,G37:G40,G42:G42) -> 15 | H43: =COUNT(H7:H15,H17:H22,#REF!,H25:H29,H31:H35,H37:H40,H42:H42) -> 15 | I43: =COUNT(I7:I15,I17:I22,#REF!,I25:I29,I31:I35,I37:I40,I42:I42) -> 13 | J43: =COUNT(J7:J15,J17:J22,#REF!,J25:J29,J31:J35,J37:J40,J42:J42) -> 14 | K43: =COUNT(K7:K15,K17:K22,#REF!,K25:K29,K31:K35,K37:K40,K42:K42) -> 11 | L43: =COUNT(L7:L15,L17:L22,#REF!,L25:L29,L31:L35,L37:L40,L42:L42) -> 9 | ... R43: =COUNT(R7:R15,R17:R22,#REF!,R25:R29,R31:R35,R37:R40,R42:R42) -> 10
A44: Pool | B44: 1:00pm-9:30pm | C44: Montell Taylor | D44: =SUM(E44:K44,L44:R44)/2 -> 40 | F44: 8 | G44: 8 | H44: 8 | I44: 8 | K44: 8 | L44: 8 | M44: 8 | N44: 8 | P44: 8 | Q44: 8
C45: Staff by 1pm | E45: =COUNT(E7:E15,E17:E21,#REF!,E25:E29,E31:E35,E37:E40,E42:E42,E44:E44) -> 9 | F45: =COUNT(F7:F15,F17:F21,#REF!,F25:F29,F31:F35,F37:F40,F42:F42,F44:F44) -> 15 | G45: =COUNT(G7:G15,G17:G21,#REF!,G25:G29,G31:G35,G37:G40,G42:G42,G44:G44) -> 15 | H45: =COUNT(H7:H15,H17:H21,#REF!,H25:H29,H31:H35,H37:H40,H42:H42,H44:H44) -> 15 | I45: =COUNT(I7:I15,I17:I21,#REF!,I25:I29,I31:I35,I37:I40,I42:I42,I44:I44) -> 14 | J45: =COUNT(J7:J15,J17:J21,#REF!,J25:J29,J31:J35,J37:J40,J42:J42,J44:J44) -> 14 | K45: =COUNT(K7:K15,K17:K21,#REF!,K25:K29,K31:K35,K37:K40,K42:K42,K44:K44) -> 12 | L45: =COUNT(L7:L15,L17:L21,#REF!,L25:L29,L31:L35,L37:L40,L42:L42,L44:L44) -> 9 | ... R45: =COUNT(R7:R15,R17:R21,#REF!,R25:R29,R31:R35,R37:R40,R42:R42,R44:R44) -> 10
A46: Pool | B46: 1:30pm-10:00pm | C46: Gibran Ramos | D46: =SUM(E46:K46,L46:R46)/2 -> 40 | F46: 8 | G46: 8 | H46: 8 | I46: 8 | K46: 8 | L46: 8 | N46: 8 | O46: 8 | P46: 8 | Q46: 8
A47: Pool | B47: 1:30pm-10:00pm | C47: Danish Adnan | D47: =SUM(E47:K47,L47:R47)/2 -> 24 | E47: 8 | F47: 8 | H47: 8 | M47: 8 | O47: 8 | R47: 8
A48: Pool | B48: 1:30pm-10:00pm | C48: Alexander Zavala | D48: =SUM(E48:K48,L48:R48)/2 -> 40 | F48: 8 | H48: 8 | I48: 8 | J48: 8 | K48: 8 | L48: 8 | M48: 8 | O48: 8 | P48: 8 | Q48: 8
A49: Pool | B49: 1:30pm-10:00pm | C49: James Jones | D49: =SUM(E49:K49,L49:R49)/2 -> 16 | F49: 8 | G49: 8 | H49: 8 | I49: 8 | K49: V | L49: V | M49: V | N49: V | P49: V | Q49: V
A50: Pool | B50: 1:30pm-10:00pm | C50: Almaz Kelati | D50: =SUM(E50:K50,L50:R50)/2 -> 16 | F50: 8 | G50: 8 | M50: 8 | N50: 8
A51: Pool | B51: 1:30pm-10:00pm | C51: Xavier Rodriguez-Villanueva | D51: =SUM(E51:K51,L51:R51)/2 -> 0 | E51: V | R51: V
A52: Pool | B52: 1:30pm-10:00pm | C52: Esmerelda Molina | D52: =SUM(E52:K52,L52:R52)/2 -> 16 | E52: 8 | J52: 8 | Q52: 8 | R52: 8
A53: Pool | B53: 2:00pm-10:00pm | C53: Sheila Bonilla | D53: =SUM(E53:K53,L53:R53)/2 -> 23 | E53: 8 | F53: 7.5 | J53: 7.5 | M53: 7.5 | Q53: 7.5 | R53: 8
C54: Staff by 2pm | E54: =COUNT(E8:E15,E17:E21,#REF!,E25:E29,E31:E35,E37:E40,E42:E42,E44:E44,E46:E53) -> 12 | F54: =COUNT(F8:F15,F17:F21,#REF!,F25:F29,F31:F35,F37:F40,F42:F42,F44:F44,F46:F53) -> 20 | G54: =COUNT(G8:G15,G17:G21,#REF!,G25:G29,G31:G35,G37:G40,G42:G42,G44:G44,G46:G53) -> 17 | H54: =COUNT(H8:H15,H17:H21,#REF!,H25:H29,H31:H35,H37:H40,H42:H42,H44:H44,H46:H53) -> 18 | I54: =COUNT(I8:I15,I17:I21,#REF!,I25:I29,I31:I35,I37:I40,I42:I42,I44:I44,I46:I53) -> 16 | J54: =COUNT(J8:J15,J17:J21,#REF!,J25:J29,J31:J35,J37:J40,J42:J42,J44:J44,J46:J53) -> 16 | K54: =COUNT(K8:K15,K17:K21,#REF!,K25:K29,K31:K35,K37:K40,K42:K42,K44:K44,K46:K53) -> 14 | L54: =COUNT(L8:L15,L17:L21,#REF!,L25:L29,L31:L35,L37:L40,L42:L42,L44:L44,L46:L53) -> 11 | ... R54: =COUNT(R8:R15,R17:R21,#REF!,R25:R29,R31:R35,R37:R40,R42:R42,R44:R44,R46:R53) -> 13
A55: Pool | B55: 2:15pm-10:00pm | C55: Caleb Price | D55: =SUM(E55:K55,L55:R55)/2 -> 29 | F55: 7.25 | G55: 7.25 | I55: 7.25 | J55: 7.25 | M55: 7.25 | N55: 7.25 | P55: 7.25 | Q55: 7.25
A56: Pool | B56: 3:30pm-10:00pm | C56: Almaz Kelati | D56: =SUM(E56:K56,L56:R56)/2 -> 6 | H56: 6 | O56: 6
A57: Pool | B57: 4:30pm-10:00pm | C57: Esmerelda Molina | D57: =SUM(E57:K57,L57:R57)/2 -> 15 | G57: 5 | H57: 5 | I57: 5 | M57: 5 | N57: 5 | O57: 5
A58: Pool | B58: 4:30pm-10:00pm | C58: Almaz Kelati | D58: =SUM(E58:K58,L58:R58)/2 -> 10 | I58: 5 | J58: 5 | P58: 5 | Q58: 5
C59: Staff at 2:30pm | E59: =COUNT(E17:E21,#REF!,E25:E29,E31:E35,E37:E40,E42:E42,E44:E44,E46:E53,E55) -> 9 | F59: =COUNT(F17:F21,#REF!,F25:F29,F31:F35,F37:F40,F42:F42,F44:F44,F46:F53,F55) -> 18 | G59: =COUNT(G17:G21,#REF!,G25:G29,G31:G35,G37:G40,G42:G42,G44:G44,G46:G53,G55) -> 14 | H59: =COUNT(H17:H21,#REF!,H25:H29,H31:H35,H37:H40,H42:H42,H44:H44,H46:H53,H55) -> 15 | I59: =COUNT(I17:I21,#REF!,I25:I29,I31:I35,I37:I40,I42:I42,I44:I44,I46:I53,I55) -> 14 | J59: =COUNT(J17:J21,#REF!,J25:J29,J31:J35,J37:J40,J42:J42,J44:J44,J46:J53,J55) -> 13 | K59: =COUNT(K17:K21,#REF!,K25:K29,K31:K35,K37:K40,K42:K42,K44:K44,K46:K53,K55) -> 10 | L59: =COUNT(L17:L21,#REF!,L25:L29,L31:L35,L37:L40,L42:L42,L44:L44,L46:L53,L55) -> 8 | ... R59: =COUNT(R17:R21,#REF!,R25:R29,R31:R35,R37:R40,R42:R42,R44:R44,R46:R53,R55) -> 9
C60: Staff at 3:30pm | E60: =COUNT(#REF!,E25:E29,E31:E35,E37:E40,E42:E42,E44:E44,E46:E53,E55:E56) -> 8 | F60: =COUNT(#REF!,F25:F29,F31:F35,F37:F40,F42:F42,F44:F44,F46:F53,F55:F56) -> 14 | G60: =COUNT(#REF!,G25:G29,G31:G35,G37:G40,G42:G42,G44:G44,G46:G53,G55:G56) -> 12 | H60: =COUNT(#REF!,H25:H29,H31:H35,H37:H40,H42:H42,H44:H44,H46:H53,H55:H56) -> 12 | I60: =COUNT(#REF!,I25:I29,I31:I35,I37:I40,I42:I42,I44:I44,I46:I53,I55:I56) -> 10 | J60: =COUNT(#REF!,J25:J29,J31:J35,J37:J40,J42:J42,J44:J44,J46:J53,J55:J56) -> 10 | K60: =COUNT(#REF!,K25:K29,K31:K35,K37:K40,K42:K42,K44:K44,K46:K53,K55:K56) -> 8 | L60: =COUNT(#REF!,L25:L29,L31:L35,L37:L40,L42:L42,L44:L44,L46:L53,L55:L56) -> 7 | ... R60: =COUNT(#REF!,R25:R29,R31:R35,R37:R40,R42:R42,R44:R44,R46:R53,R55:R56) -> 8
C61: Staff at 4:30pm | E61: =COUNT(E25:E29,E31:E35,E37:E40,E42:E42,E44:E44,E46:E53,E55:E58) -> 8 | F61: =COUNT(F25:F29,F31:F35,F37:F40,F42:F42,F44:F44,F46:F53,F55:F58) -> 14 | G61: =COUNT(G25:G29,G31:G35,G37:G40,G42:G42,G44:G44,G46:G53,G55:G58) -> 13 | H61: =COUNT(H25:H29,H31:H35,H37:H40,H42:H42,H44:H44,H46:H53,H55:H58) -> 13 | I61: =COUNT(I25:I29,I31:I35,I37:I40,I42:I42,I44:I44,I46:I53,I55:I58) -> 12 | J61: =COUNT(J25:J29,J31:J35,J37:J40,J42:J42,J44:J44,J46:J53,J55:J58) -> 11 | K61: =COUNT(K25:K29,K31:K35,K37:K40,K42:K42,K44:K44,K46:K53,K55:K58) -> 8 | L61: =COUNT(L25:L29,L31:L35,L37:L40,L42:L42,L44:L44,L46:L53,L55:L58) -> 7 | ... R61: =COUNT(R25:R29,R31:R35,R37:R40,R42:R42,R44:R44,R46:R53,R55:R58) -> 8
C62: Staff at 5:30pm | E62: =COUNT(E31:E35,E37:E40,E42:E42,E44:E44,E46:E53,E55:E58,#REF!) -> 7 | F62: =COUNT(F31:F35,F37:F40,F42:F42,F44:F44,F46:F53,F55:F58,#REF!) -> 12 | G62: =COUNT(G31:G35,G37:G40,G42:G42,G44:G44,G46:G53,G55:G58,#REF!) -> 12 | H62: =COUNT(H31:H35,H37:H40,H42:H42,H44:H44,H46:H53,H55:H58,#REF!) -> 11 | I62: =COUNT(I31:I35,I37:I40,I42:I42,I44:I44,I46:I53,I55:I58,#REF!) -> 10 | J62: =COUNT(J31:J35,J37:J40,J42:J42,J44:J44,J46:J53,J55:J58,#REF!) -> 11 | K62: =COUNT(K31:K35,K37:K40,K42:K42,K44:K44,K46:K53,K55:K58,#REF!) -> 7 | L62: =COUNT(L31:L35,L37:L40,L42:L42,L44:L44,L46:L53,L55:L58,#REF!) -> 6 | ... R62: =COUNT(R31:R35,R37:R40,R42:R42,R44:R44,R46:R53,R55:R58,#REF!) -> 7
C63: Staff at 6:30pm | E63: =COUNT(E37:E40,E42:E42,E44:E44,E46:E53,E55:E58,#REF!) -> 6 | F63: =COUNT(F37:F40,F42:F42,F44:F44,F46:F53,F55:F58,#REF!) -> 10 | G63: =COUNT(G37:G40,G42:G42,G44:G44,G46:G53,G55:G58,#REF!) -> 8 | H63: =COUNT(H37:H40,H42:H42,H44:H44,H46:H53,H55:H58,#REF!) -> 9 | I63: =COUNT(I37:I40,I42:I42,I44:I44,I46:I53,I55:I58,#REF!) -> 9 | J63: =COUNT(J37:J40,J42:J42,J44:J44,J46:J53,J55:J58,#REF!) -> 8 | K63: =COUNT(K37:K40,K42:K42,K44:K44,K46:K53,K55:K58,#REF!) -> 6 | L63: =COUNT(L37:L40,L42:L42,L44:L44,L46:L53,L55:L58,#REF!) -> 5 | ... R63: =COUNT(R37:R40,R42:R42,R44:R44,R46:R53,R55:R58,#REF!) -> 6
C64: Staff at 7:30pm | E64: =COUNT(E40,E42:E42,E44:E44,E46:E53,E55:E58,#REF!) -> 4 | F64: =COUNT(F40,F42:F42,F44:F44,F46:F53,F55:F58,#REF!) -> 9 | G64: =COUNT(G40,G42:G42,G44:G44,G46:G53,G55:G58,#REF!) -> 7 | H64: =COUNT(H40,H42:H42,H44:H44,H46:H53,H55:H58,#REF!) -> 8 | I64: =COUNT(I40,I42:I42,I44:I44,I46:I53,I55:I58,#REF!) -> 7 | J64: =COUNT(J40,J42:J42,J44:J44,J46:J53,J55:J58,#REF!) -> 7 | K64: =COUNT(K40,K42:K42,K44:K44,K46:K53,K55:K58,#REF!) -> 5 | L64: =COUNT(L40,L42:L42,L44:L44,L46:L53,L55:L58,#REF!) -> 4 | ... R64: =COUNT(R40,R42:R42,R44:R44,R46:R53,R55:R58,#REF!) -> 4
C65: Staff at 8:30pm | E65: =COUNT(E40,E44:E44,E46:E53,E55:E58,#REF!) -> 4 | F65: =COUNT(F40,F44:F44,F46:F53,F55:F58,#REF!) -> 8 | G65: =COUNT(G40,G44:G44,G46:G53,G55:G58,#REF!) -> 6 | H65: =COUNT(H40,H44:H44,H46:H53,H55:H58,#REF!) -> 7 | I65: =COUNT(I40,I44:I44,I46:I53,I55:I58,#REF!) -> 7 | J65: =COUNT(J40,J44:J44,J46:J53,J55:J58,#REF!) -> 6 | K65: =COUNT(K40,K44:K44,K46:K53,K55:K58,#REF!) -> 4 | L65: =COUNT(L40,L44:L44,L46:L53,L55:L58,#REF!) -> 3 | ... R65: =COUNT(R40,R44:R44,R46:R53,R55:R58,#REF!) -> 4
C66: Staff by 9:30pm | E66: =COUNT(E40,E46:E53,E55:E58,#REF!) -> 4 | F66: =COUNT(F40,F46:F53,F55:F58,#REF!) -> 7 | G66: =COUNT(G40,G46:G53,G55:G58,#REF!) -> 5 | H66: =COUNT(H40,H46:H53,H55:H58,#REF!) -> 6 | I66: =COUNT(I40,I46:I53,I55:I58,#REF!) -> 6 | J66: =COUNT(J40,J46:J53,J55:J58,#REF!) -> 6 | K66: =COUNT(K40,K46:K53,K55:K58,#REF!) -> 3 | L66: =COUNT(L40,L46:L53,L55:L58,#REF!) -> 2 | ... R66: =COUNT(R40,R46:R53,R55:R58,#REF!) -> 4
C67: Staff at 10:00pm | E67: =COUNT(#REF!) -> 0 | F67: =COUNT(#REF!) -> 0 | G67: =COUNT(#REF!) -> 0 | H67: =COUNT(#REF!) -> 0 | I67: =COUNT(#REF!) -> 0 | J67: =COUNT(#REF!) -> 0 | K67: =COUNT(#REF!) -> 0 | L67: =COUNT(#REF!) -> 0 | ... R67: =COUNT(#REF!) -> 0
A68: Zones
A69: Equipment | B69: 8:00am-11:00am | C69: Marcelette Jones | D69: =SUM(E69:K69,L69:R69)/2 -> 19 | F69: 7.5 | G69: 7.5 | H69: 4 | M69: 7.5 | N69: 7.5 | O69: 4
A70: ER | B70: 12:00pm-10:00pm | C70: Angela Doering | D70: =SUM(E70:K70,L70:R70)/2 -> 38 | F70: 9.5 | G70: 9.5 | H70: 9.5 | I70: 9.5 | M70: 9.5 | N70: 9.5 | O70: 9.5 | P70: 9.5
A71: ER | B71: 12:00pm-10:00pm | C71: Mark Huckle | D71: =SUM(E71:K71,L71:R71)/2 -> 38 | E71: 9.5 | F71: 9.5 | J71: 9.5 | K71: 9.5 | L71: 9.5 | M71: 9.5 | Q71: 9.5 | R71: 9.5
B72: Scheduled Elsewere | C72: (ED Transporter 1)
B73: COMP DATE (Tentative) | C73: (ED Transporter 2)
E74: =SUM(E7:E15,E17:E22,E25:E29,E31:E35,E37:E40,E42:E42,E44:E44,E46:E53,E55:E58,E69:E73) -> 112.5 | F74: =SUM(F7:F15,F17:F22,F25:F29,F31:F35,F37:F40,F42:F42,F44:F44,F46:F53,F55:F58,F69:F73) -> 200.25 | G74: =SUM(G7:G15,G17:G22,G25:G29,G31:G35,G37:G40,G42:G42,G44:G44,G46:G53,G55:G58,G69:G73) -> 177.25 | H74: =SUM(H7:H15,H17:H22,H25:H29,H31:H35,H37:H40,H42:H42,H44:H44,H46:H53,H55:H58,H69:H73) -> 180.5 | I74: =SUM(I7:I15,I17:I22,I25:I29,I31:I35,I37:I40,I42:I42,I44:I44,I46:I53,I55:I58,I69:I73) -> 161.75 | J74: =SUM(J7:J15,J17:J22,J25:J29,J31:J35,J37:J40,J42:J42,J44:J44,J46:J53,J55:J58,J69:J73) -> 158.25 | K74: =SUM(K7:K15,K17:K22,K25:K29,K31:K35,K37:K40,K42:K42,K44:K44,K46:K53,K55:K58,K69:K73) -> 123.5 | L74: =SUM(L7:L15,L17:L22,L25:L29,L31:L35,L37:L40,L42:L42,L44:L44,L46:L53,L55:L58,L69:L73) -> 102.5 | ... R74: =SUM(R7:R15,R17:R22,R25:R29,R31:R35,R37:R40,R42:R42,R44:R44,R46:R53,R55:R58,R69:R73) -> 115.5
E75: =E74/8 -> 14.0625 | F75: =F74/8 -> 25.03125 | G75: =G74/8 -> 22.15625 | H75: =H74/8 -> 22.5625 | I75: =I74/8 -> 20.21875 | J75: =J74/8 -> 19.78125 | K75: =K74/8 -> 15.4375 | L75: =L74/8 -> 12.8125 | ... R75: =R74/8 -> 14.4375
D76: WEEK 1 | F76: HOURS | H76: THRESHOLD FTEs: | J76: HOURS | L76: WEEK 2 | M76: FTEs: | N76: HOURS | P76: THRESHOLD FTEs: | R76: HOURS
D77: Budgeted: | E77: 27.5 | F77: =E77* 40 & "hrs" -> 1100hrs | H77: Min: | I77: 25.93 | J77: 1037.2hrs | L77: Budgeted: | M77: 27.5 | N77: =M77* 40 & "hrs" -> 1100hrs | P77: Min: | Q77: 25.93 | R77: 1037.2hrs
D78: Actual: | E78: =SUM(E74:K74)/40 -> 27.85 | F78: =E78* 40 & "hrs" -> 1114hrs | H78: FTEs: | I78: =SUM(E74:K74)/40 -> 27.85 | J78: =I78*40 & "hrs" -> 1114hrs | L78: Actual: | M78: =SUM(L74:R74)/40 -> 25.925 | N78: =M78* 40 & "hrs" -> 1037hrs | P78: FTEs: | Q78: =SUM(L74:R74)/40 -> 25.925 | R78: =Q78*40 & "hrs" -> 1037hrs
D79: Training: | E79: =COUNTIFS(E7:K75, "T")*8/40 -> 0 | F79: =E79* 40 & "hrs" -> 0hrs | H79: Max: | I79: 29.07 | J79: 1162.8hrs | L79: Training: | M79: =COUNTIFS(L7:R75, "T")*8/40 -> 0 | N79: =M79* 40 & "hrs" -> 0hrs | P79: Max: | Q79: 29.07 | R79: 1162.8hrs
I81: 27.5

Sheet 7.26-8.8
A1: Patient Transportation
A2: Texas Health Dallas
E4: Week 1 | L4: Week 2 | T4: Time | U4: # of Staff
E5: 46229 | F5: 46230 | G5: 46231 | H5: 46232 | I5: 46233 | J5: 46234 | K5: 46235 | L5: 46236 | M5: 46237 | N5: 46238 | O5: 46239 | P5: 46240 | Q5: 46241 | R5: 46242 | T5: 0.25 | U5: =ROUNDDOWN(AVERAGE(E17:R17),0) -> 3
A6: Duty | B6: Shift | C6: Name | D6: Hrs | E6: S | F6: M | G6: T | H6: W | I6: T | J6: F | K6: S | L6: S | M6: M | N6: T | O6: W | P6: T | Q6: F | R6: S | T6: 0.29166667 | U6: =ROUNDDOWN(AVERAGE(E25:R25),0) -> 6
A7: Pool | B7: 6:00am-1:30pm | C7: Kojo Boakye | D7: =SUM(E7:K7,L7:R7)/2 -> 35 | F7: 7 | G7: 7 | H7: 7 | I7: 7 | J7: 7 | M7: 7 | N7: 7 | O7: 7 | P7: 7 | Q7: 7 | T7: 0.33333333 | U7: =ROUNDDOWN(AVERAGE(E27:R27),0) -> 7
A8: Pool | B8: 6:00am-2:30pm | C8: Eddy Toledo | D8: =SUM(E8:K8,L8:R8)/2 -> 40 | F8: 8 | G8: 8 | H8: 8 | J8: 8 | K8: 8 | L8: 8 | M8: 8 | N8: 8 | P8: 8 | Q8: 8 | T8: 0.375 | U8: =ROUNDDOWN(AVERAGE(E33:R33),0) -> 8
A9: Pool | B9: 6:00am-2:30pm | C9: Almaz Kidane | D9: =SUM(E9:K9,L9:R9)/2 -> 40 | F9: 8 | G9: 8 | H9: 8 | I9: 8 | J9: 8 | M9: 8 | N9: 8 | O9: 8 | P9: 8 | Q9: 8 | T9: 0.41666667 | U9: =ROUNDDOWN(AVERAGE(E39:R39),0) -> 10
A10: Pool | B10: 6:00am-2:30pm | C10: Marco Mendez | D10: =SUM(E10:K10,L10:R10)/2 -> 4 | E10: V | F10: V | G10: V | I10: V | J10: V | M10: V | N10: V | O10: V | Q10: V | R10: 8 | T10: 0.45833333 | U10: =ROUNDDOWN(AVERAGE(E43:R43),0) -> 12
A11: Pool | B11: 6:00am-2:30pm | C11: Daniele Macena Cardoso dos Santos | D11: =SUM(E11:K11,L11:R11)/2 -> 32 | E11: 8 | H11: 8 | I11: 8 | K11: 8 | L11: 8 | O11: 8 | P11: 8 | R11: 8 | T11: 0.5 | U11: =ROUNDDOWN(AVERAGE(E45:R45),0) -> 12
A12: Pool | B12: 6:00am-2:30pm | C12: Adhika Tahija | D12: =SUM(E12:K12,L12:R12)/2 -> 8 | E12: 8 | R12: 8 | T12: 0.54166667 | U12: =ROUNDDOWN(AVERAGE(E47:R47),0) -> 12
A13: Pool | B13: 6:00am-2:30pm | C13: Cecilia Ortiz | D13: =SUM(E13:K13,L13:R13)/2 -> 8 | K13: 8 | L13: 8 | T13: 0.58333333 | U13: =ROUNDDOWN(AVERAGE(E58:R58),0) -> 16
A14: Pool | B14: 6:00am-2:30pm | C14: Mildred Alvarado | D14: =SUM(E14:K14,L14:R14)/2 -> 8 | K14: 8 | L14: 8 | T14: 0.625 | U14: =ROUNDDOWN(AVERAGE(E62:R62),0) -> 13
A15: Pool | B15: 6:00am-2:30pm | C15: Aaron Hoglund | D15: =SUM(E15:K15,L15:R15)/2 -> 8 | E15: 8 | R15: 8 | T15: 0.66666667 | U15: =ROUNDDOWN(AVERAGE(E63:R63),0) -> 10
A16: Pool | B16: 6:00am-2:30pm | C16: Almaz Kelati | D16: =SUM(E16:K16,L16:R16)/2 -> 8 | K16: 8 | R16: 8 | T16: 0.70833333 | U16: =ROUNDDOWN(AVERAGE(E64:R64),0) -> 11
C17: Staff by 6am | E17: =COUNT(E7:E16) -> 3 | F17: =COUNT(F7:F16) -> 3 | G17: =COUNT(G7:G16) -> 3 | H17: =COUNT(H7:H16) -> 4 | I17: =COUNT(I7:I16) -> 3 | J17: =COUNT(J7:J16) -> 3 | K17: =COUNT(K7:K16) -> 5 | L17: =COUNT(L7:L16) -> 4 | ... R17: =COUNT(R7:R16) -> 5 | T17: 0.75 | U17: =ROUNDDOWN(AVERAGE(E65:R65),0) -> 9
A18: Pool | B18: 7:00am-3:30pm | C18: Chase Pope | D18: =SUM(E18:K18,L18:R18)/2 -> 40 | F18: 8 | H18: 8 | I18: 8 | J18: 8 | K18: 8 | L18: 8 | N18: 8 | O18: 8 | P18: 8 | Q18: 8 | T18: 0.79166667 | U18: =ROUNDDOWN(AVERAGE(E66:R66),0) -> 7
A19: Pool | B19: 7:00am-3:30pm | C19: Cecilia Ortiz | D19: =SUM(E19:K19,L19:R19)/2 -> 32 | F19: 8 | G19: 8 | H19: 8 | I19: 8 | M19: 8 | N19: 8 | O19: 8 | Q19: 8 | T19: 0.83333333 | U19: =ROUNDDOWN(AVERAGE(E67:R67),0) -> 6
A20: Pool | B20: 7:00am-3:30pm | C20: Raquel Cardoso | D20: =SUM(E20:K20,L20:R20)/2 -> 8 | K20: 8 | R20: 8 | T20: 0.875 | U20: =ROUNDDOWN(AVERAGE(E68:R68),0) -> 5
A21: Pool | B21: 7:00am-3:30pm | C21: Mildred Alvarado | D21: =SUM(E21:K21,L21:R21)/2 -> 32 | F21: 8 | G21: 8 | I21: 8 | J21: 8 | N21: 8 | O21: 8 | P21: 8 | Q21: 8 | T21: 0.91666667 | U21: =ROUNDDOWN(AVERAGE('Master as of 2.17.25'!E61:R61), 0) -> 4
A22: Pool | B22: 7:00am-3:30pm | C22: Demetrius White | D22: =SUM(E22:K22,L22:R22)/2 -> 32 | E22: V | F22: V | H22: 8 | I22: 8 | J22: 8 | M22: 8 | N22: 8 | O22: 8 | Q22: 8 | R22: 8
A23: Pool | B23: 7:00am-3:30pm | C23: Ruth Brown | D23: =SUM(E23:K23,L23:R23)/2 -> 28 | F23: V | G23: V | H23: V | I23: 8 | J23: 8 | M23: 8 | N23: 8 | O23: 8 | P23: 8 | Q23: 8
A24: Pool | B24: 7:30am-12:30pm | C24: Jackie Wilson | D24: =SUM(E24:K24,L24:R24)/2 -> 17.5 | E24: 5 | G24: 5 | H24: 5 | L24: 5 | M24: 5 | N24: 5 | P24: 5
C25: Staff by 7am | E25: =COUNT(E7:E16,E18:E23) -> 3 | F25: =COUNT(F7:F16,F18:F23) -> 6 | G25: =COUNT(G7:G16,G18:G23) -> 5 | H25: =COUNT(H7:H16,H18:H23) -> 7 | I25: =COUNT(I7:I16,I18:I23) -> 8 | J25: =COUNT(J7:J16,J18:J23) -> 7 | K25: =COUNT(K7:K16,K18:K23) -> 7 | L25: =COUNT(L7:L16,L18:L23) -> 5 | ... R25: =COUNT(R7:R16,R18:R23) -> 7
A26: Pool | B26: 8:00am-4:30pm | C26: Joseph Delgado | D26: =SUM(E26:K26,L26:R26)/2 -> 12 | F26: 8 | G26: 8 | J26: 8 | K26: LD
C27: Staff by 8am | E27: =COUNT(E7:E16,E18:E24,E26:E26) -> 4 | F27: =COUNT(F7:F16,F18:F24,F26:F26) -> 7 | G27: =COUNT(G7:G16,G18:G24,G26:G26) -> 7 | H27: =COUNT(H7:H16,H18:H24,H26:H26) -> 8 | I27: =COUNT(I7:I16,I18:I24,I26:I26) -> 8 | J27: =COUNT(J7:J16,J18:J24,J26:J26) -> 8 | K27: =COUNT(K7:K16,K18:K24,K26:K26) -> 7 | L27: =COUNT(L7:L16,L18:L24,L26:L26) -> 6 | ... R27: =COUNT(R7:R16,R18:R24,R26:R26) -> 7
A28: Pool | B28: 9:00am-5:30pm | C28: Joshua Thompson | D28: =SUM(E28:K28,L28:R28)/2 -> 32 | F28: 8 | G28: 8 | H28: 8 | I28: 8 | M28: 8 | O28: 8 | P28: 8 | Q28: 8
A29: Pool | B29: 9:00am-5:30pm | C29: Adhika Tahija | D29: =SUM(E29:K29,L29:R29)/2 -> 8 | F29: 8 | M29: 8
A30: Pool | B30: 9:00am-5:30pm | C30: Aaron Hoglund | D30: =SUM(E30:K30,L30:R30)/2 -> 8 | H30: 8 | O30: 8
A31: Pool | B31: 9:00am-5:30pm | C31: Raquel Cardoso | D31: =SUM(E31:K31,L31:R31)/2 -> 8 | I31: 8 | P31: 8
A32: Pool | B32: 9:00am-5:30pm | C32: Gilberto Santos | D32: =SUM(E32:K32,L32:R32)/2 -> 16 | E32: 8 | K32: 8 | L32: 8 | R32: 8
C33: Staff by 9am | E33: =COUNT(E7:E16,E18:E24,E26:E26,E28:E32) -> 5 | F33: =COUNT(F7:F16,F18:F24,F26:F26,F28:F32) -> 9 | G33: =COUNT(G7:G16,G18:G24,G26:G26,G28:G32) -> 8 | H33: =COUNT(H7:H16,H18:H24,H26:H26,H28:H32) -> 10 | I33: =COUNT(I7:I16,I18:I24,I26:I26,I28:I32) -> 10 | J33: =COUNT(J7:J16,J18:J24,J26:J26,J28:J32) -> 8 | K33: =COUNT(K7:K16,K18:K24,K26:K26,K28:K32) -> 8 | L33: =COUNT(L7:L16,L18:L24,L26:L26,L28:L32) -> 7 | ... R33: =COUNT(R7:R16,R18:R24,R26:R26,R28:R32) -> 8
A34: Pool | B34: 10:00am-6:30pm | C34: Adhika Tahija | D34: =SUM(E34:K34,L34:R34)/2 -> 16 | G34: 8 | J34: 8 | O34: 8 | Q34: 8
A35: Pool | B35: 10:00am-6:30pm | C35: Maxwell Miller | D35: =SUM(E35:K35,L35:R35)/2 -> 32 | F35: 8 | G35: 8 | H35: 8 | J35: 8 | M35: 8 | N35: 8 | O35: 8 | Q35: 8
A36: Pool | B36: 10:00am-6:30pm | C36: Joshua Thompson | D36: =SUM(E36:K36,L36:R36)/2 -> 8 | K36: 8 | L36: 8
A37: Pool | B37: 10:00am-6:30pm | C37: Alexa Ledezma | D37: =SUM(E37:K37,L37:R37)/2 -> 40 | E37: 8 | G37: 8 | H37: 8 | I37: 8 | J37: 8 | M37: 8 | N37: 8 | O37: 8 | P37: 8 | R37: 8
A38: Pool | B38: 10:00am-6:30pm | C38: Aaron Hoglund | D38: =SUM(E38:K38,L38:R38)/2 -> 24 | F38: 8 | G38: 8 | J38: 8 | M38: 8 | N38: 8 | Q38: 8
C39: Staff by 10am | E39: =COUNT(E7:E16,E18:E24,E26:E26,E28:E32,E34:E38) -> 6 | F39: =COUNT(F7:F16,F18:F24,F26:F26,F28:F32,F34:F38) -> 11 | G39: =COUNT(G7:G16,G18:G24,G26:G26,G28:G32,G34:G38) -> 12 | H39: =COUNT(H7:H16,H18:H24,H26:H26,H28:H32,H34:H38) -> 12 | I39: =COUNT(I7:I16,I18:I24,I26:I26,I28:I32,I34:I38) -> 11 | J39: =COUNT(J7:J16,J18:J24,J26:J26,J28:J32,J34:J38) -> 12 | K39: =COUNT(K7:K16,K18:K24,K26:K26,K28:K32,K34:K38) -> 9 | L39: =COUNT(L7:L16,L18:L24,L26:L26,L28:L32,L34:L38) -> 8 | ... R39: =COUNT(R7:R16,R18:R24,R26:R26,R28:R32,R34:R38) -> 9
A40: Pool | B40: 11:00am-7:30pm | C40: Maxwell Miller | D40: =SUM(E40:K40,L40:R40)/2 -> 8 | K40: 8 | L40: 8
A41: Pool | B41: 11:00am-7:30pm | C41: Hayven Garrett | D41: =SUM(E41:K41,L41:R41)/2 -> 40 | E41: 8 | F41: 8 | G41: 8 | I41: 8 | J41: 8 | N41: 8 | O41: 8 | P41: 8 | Q41: 8 | R41: 8
A42: Pool | B42: 11:00am-7:30pm | C42: Juan Molina | D42: =SUM(E42:K42,L42:R42)/2 -> 24 | E42: 8 | H42: 8 | I42: 8 | O42: 8 | P42: 8 | R42: 8
C43: Staff by 11am | E43: =COUNT(E7:E16,E18:E24,E26:E26,E28:E32,E34:E38,E40:E42) -> 8 | F43: =COUNT(F7:F16,F18:F24,F26:F26,F28:F32,F34:F38,F40:F42) -> 12 | G43: =COUNT(G7:G16,G18:G24,G26:G26,G28:G32,G34:G38,G40:G42) -> 13 | H43: =COUNT(H7:H16,H18:H24,H26:H26,H28:H32,H34:H38,H40:H42) -> 13 | I43: =COUNT(I7:I16,I18:I24,I26:I26,I28:I32,I34:I38,I40:I42) -> 13 | J43: =COUNT(J7:J16,J18:J24,J26:J26,J28:J32,J34:J38,J40:J42) -> 13 | K43: =COUNT(K7:K16,K18:K24,K26:K26,K28:K32,K34:K38,K40:K42) -> 10 | L43: =COUNT(L7:L16,L18:L24,L26:L26,L28:L32,L34:L38,L40:L42) -> 9 | ... R43: =COUNT(R7:R16,R18:R24,R26:R26,R28:R32,R34:R38,R40:R42) -> 11
A44: Pool | B44: 12:00pm-8:30pm | C44: Blair Alexander | D44: =SUM(E44:K44,L44:R44)/2 -> 40 | F44: 8 | G44: 8 | H44: 8 | J44: 8 | K44: 8 | L44: 8 | N44: 8 | O44: 8 | P44: 8 | Q44: 8
C45: Staff by 12pm | E45: =COUNT(E7:E16,E18:E24,E26:E26,E28:E32,E34:E38,E40:E42,E44:E44) -> 8 | F45: =COUNT(F7:F16,F18:F24,F26:F26,F28:F32,F34:F38,F40:F42,F44:F44) -> 13 | G45: =COUNT(G7:G16,G18:G24,G26:G26,G28:G32,G34:G38,G40:G42,G44:G44) -> 14 | H45: =COUNT(H7:H16,H18:H24,H26:H26,H28:H32,H34:H38,H40:H42,H44:H44) -> 14 | I45: =COUNT(I7:I16,I18:I24,I26:I26,I28:I32,I34:I38,I40:I42,I44:I44) -> 13 | J45: =COUNT(J7:J16,J18:J24,J26:J26,J28:J32,J34:J38,J40:J42,J44:J44) -> 14 | K45: =COUNT(K7:K16,K18:K24,K26:K26,K28:K32,K34:K38,K40:K42,K44:K44) -> 11 | L45: =COUNT(L7:L16,L18:L24,L26:L26,L28:L32,L34:L38,L40:L42,L44:L44) -> 10 | ... R45: =COUNT(R7:R16,R18:R24,R26:R26,R28:R32,R34:R38,R40:R42,R44:R44) -> 11
A46: Pool | B46: 1:00pm-9:30pm | C46: Montell Taylor | D46: =SUM(E46:K46,L46:R46)/2 -> 40 | F46: 8 | G46: 8 | H46: 8 | I46: 8 | K46: 8 | L46: 8 | M46: 8 | N46: 8 | O46: 8 | Q46: 8
C47: Staff by 1pm | E47: =COUNT(E7:E16,E18:E23,E26:E26,E28:E32,E34:E38,E40:E42,E44:E44,E46:E46) -> 7 | F47: =COUNT(F7:F16,F18:F23,F26:F26,F28:F32,F34:F38,F40:F42,F44:F44,F46:F46) -> 14 | G47: =COUNT(G7:G16,G18:G23,G26:G26,G28:G32,G34:G38,G40:G42,G44:G44,G46:G46) -> 14 | H47: =COUNT(H7:H16,H18:H23,H26:H26,H28:H32,H34:H38,H40:H42,H44:H44,H46:H46) -> 14 | I47: =COUNT(I7:I16,I18:I23,I26:I26,I28:I32,I34:I38,I40:I42,I44:I44,I46:I46) -> 14 | J47: =COUNT(J7:J16,J18:J23,J26:J26,J28:J32,J34:J38,J40:J42,J44:J44,J46:J46) -> 14 | K47: =COUNT(K7:K16,K18:K23,K26:K26,K28:K32,K34:K38,K40:K42,K44:K44,K46:K46) -> 12 | L47: =COUNT(L7:L16,L18:L23,L26:L26,L28:L32,L34:L38,L40:L42,L44:L44,L46:L46) -> 10 | ... R47: =COUNT(R7:R16,R18:R23,R26:R26,R28:R32,R34:R38,R40:R42,R44:R44,R46:R46) -> 11
A48: Pool | B48: 1:30pm-10:00pm | C48: Gibran Ramos | D48: =SUM(E48:K48,L48:R48)/2 -> 40 | F48: 8 | G48: 8 | H48: 8 | I48: 8 | K48: 8 | L48: 8 | N48: 8 | O48: 8 | P48: 8 | Q48: 8
A49: Pool | B49: 1:30pm-10:00pm | C49: Danish Adnan | D49: =SUM(E49:K49,L49:R49)/2 -> 12 | E49: V | F49: V | H49: V | M49: 8 | O49: 8 | R49: 8
A50: Pool | B50: 1:30pm-10:00pm | C50: Alexander Zavala | D50: =SUM(E50:K50,L50:R50)/2 -> 40 | F50: 8 | H50: 8 | I50: 8 | J50: 8 | K50: 8 | L50: 8 | M50: 8 | O50: 8 | P50: 8 | Q50: 8
A51: TRAIN | B51: 1:30pm-10:00pm | C51: James Jones | D51: =SUM(E51:K51,L51:R51)/2 -> 4 | F51: T | G51: T | H51: T | I51: T | K51: T | L51: T | N51: T | O51: T | P51: COMP | Q51: 8
A52: Pool | B52: 1:30pm-10:00pm | C52: Caleb Price | D52: =SUM(E52:K52,L52:R52)/2 -> 32 | F52: 8 | G52: 8 | J52: 8 | K52: 8 | L52: 8 | N52: 8 | O52: 8 | P52: 8
A53: Pool | B53: 1:30pm-10:00pm | C53: Almaz Kelati | D53: =SUM(E53:K53,L53:R53)/2 -> 16 | F53: 8 | G53: 8 | M53: 8 | N53: 8
A54: Pool | B54: 1:30pm-10:00pm | C54: Xavier Rodriguez-Villanueva | D54: =SUM(E54:K54,L54:R54)/2 -> 4 | E54: 8 | R54: V
A55: Pool | B55: 1:30pm-10:00pm | C55: Esmerelda Molina | D55: =SUM(E55:K55,L55:R55)/2 -> 12 | E55: 8 | J55: 8 | Q55: 8 | R55: V
A56: Pool | B56: 1:30pm-10:00pm | C56: Eduardo "Alex" Lopez | D56: =SUM(E56:K56,L56:R56)/2 -> 40 | E56: 8 | G56: 8 | H56: 8 | I56: 8 | J56: 8 | M56: 8 | N56: 8 | P56: 8 | Q56: 8 | R56: 8
A57: Pool | B57: 2:00pm-10:00pm | C57: Sheila Bonilla | D57: =SUM(E57:K57,L57:R57)/2 -> 26.75 | E57: 8 | F57: 7.5 | I57: 7.5 | J57: 7.5 | M57: V | P57: 7.5 | Q57: 7.5 | R57: 8
C58: Staff by 2pm | E58: =COUNT(E8:E16,E18:E23,E26:E26,E28:E32,E34:E38,E40:E42,E44:E44,E46:E46,E48:E57) -> 11 | F58: =COUNT(F8:F16,F18:F23,F26:F26,F28:F32,F34:F38,F40:F42,F44:F44,F46:F46,F48:F57) -> 18 | G58: =COUNT(G8:G16,G18:G23,G26:G26,G28:G32,G34:G38,G40:G42,G44:G44,G46:G46,G48:G57) -> 17 | H58: =COUNT(H8:H16,H18:H23,H26:H26,H28:H32,H34:H38,H40:H42,H44:H44,H46:H46,H48:H57) -> 16 | I58: =COUNT(I8:I16,I18:I23,I26:I26,I28:I32,I34:I38,I40:I42,I44:I44,I46:I46,I48:I57) -> 17 | J58: =COUNT(J8:J16,J18:J23,J26:J26,J28:J32,J34:J38,J40:J42,J44:J44,J46:J46,J48:J57) -> 18 | K58: =COUNT(K8:K16,K18:K23,K26:K26,K28:K32,K34:K38,K40:K42,K44:K44,K46:K46,K48:K57) -> 15 | L58: =COUNT(L8:L16,L18:L23,L26:L26,L28:L32,L34:L38,L40:L42,L44:L44,L46:L46,L48:L57) -> 13 | ... R58: =COUNT(R8:R16,R18:R23,R26:R26,R28:R32,R34:R38,R40:R42,R44:R44,R46:R46,R48:R57) -> 14
A59: Pool | B59: 3:30pm-10:00pm | C59: Almaz Kelati | D59: =SUM(E59:K59,L59:R59)/2 -> 6 | H59: 6 | O59: 6
A60: Pool | B60: 4:30pm-10:00pm | C60: Esmerelda Molina | D60: =SUM(E60:K60,L60:R60)/2 -> 15 | G60: 5 | H60: 5 | I60: 5 | M60: 5 | N60: 5 | O60: 5
A61: Pool | B61: 4:30pm-10:00pm | C61: Almaz Kelati | D61: =SUM(E61:K61,L61:R61)/2 -> 10 | I61: 5 | J61: 5 | P61: 5 | Q61: 5
C62: Staff at 2:30pm | E62: =COUNT(E18:E23,E26:E26,E28:E32,E34:E38,E40:E42,E44:E44,E46:E46,E48:E57) -> 8 | F62: =COUNT(F18:F23,F26:F26,F28:F32,F34:F38,F40:F42,F44:F44,F46:F46,F48:F57) -> 16 | G62: =COUNT(G18:G23,G26:G26,G28:G32,G34:G38,G40:G42,G44:G44,G46:G46,G48:G57) -> 15 | H62: =COUNT(H18:H23,H26:H26,H28:H32,H34:H38,H40:H42,H44:H44,H46:H46,H48:H57) -> 13 | I62: =COUNT(I18:I23,I26:I26,I28:I32,I34:I38,I40:I42,I44:I44,I46:I46,I48:I57) -> 15 | J62: =COUNT(J18:J23,J26:J26,J28:J32,J34:J38,J40:J42,J44:J44,J46:J46,J48:J57) -> 16 | K62: =COUNT(K18:K23,K26:K26,K28:K32,K34:K38,K40:K42,K44:K44,K46:K46,K48:K57) -> 10 | L62: =COUNT(L18:L23,L26:L26,L28:L32,L34:L38,L40:L42,L44:L44,L46:L46,L48:L57) -> 9 | ... R62: =COUNT(R18:R23,R26:R26,R28:R32,R34:R38,R40:R42,R44:R44,R46:R46,R48:R57) -> 9
C63: Staff at 3:30pm | E63: =COUNT(E26:E26,E28:E32,E34:E38,E40:E42,E44:E44,E46:E46,E48:E57,E59:E59) -> 8 | F63: =COUNT(F26:F26,F28:F32,F34:F38,F40:F42,F44:F44,F46:F46,F48:F57,F59:F59) -> 13 | G63: =COUNT(G26:G26,G28:G32,G34:G38,G40:G42,G44:G44,G46:G46,G48:G57,G59:G59) -> 13 | H63: =COUNT(H26:H26,H28:H32,H34:H38,H40:H42,H44:H44,H46:H46,H48:H57,H59:H59) -> 11 | I63: =COUNT(I26:I26,I28:I32,I34:I38,I40:I42,I44:I44,I46:I46,I48:I57,I59:I59) -> 10 | J63: =COUNT(J26:J26,J28:J32,J34:J38,J40:J42,J44:J44,J46:J46,J48:J57,J59:J59) -> 12 | K63: =COUNT(K26:K26,K28:K32,K34:K38,K40:K42,K44:K44,K46:K46,K48:K57,K59:K59) -> 8 | L63: =COUNT(L26:L26,L28:L32,L34:L38,L40:L42,L44:L44,L46:L46,L48:L57,L59:L59) -> 8 | ... R63: =COUNT(R26:R26,R28:R32,R34:R38,R40:R42,R44:R44,R46:R46,R48:R57,R59:R59) -> 7
C64: Staff at 4:30pm | E64: =COUNT(E28:E32,E34:E38,E40:E42,E44:E44,E46:E46,E48:E57,E59:E61) -> 8 | F64: =COUNT(F28:F32,F34:F38,F40:F42,F44:F44,F46:F46,F48:F57,F59:F61) -> 12 | G64: =COUNT(G28:G32,G34:G38,G40:G42,G44:G44,G46:G46,G48:G57,G59:G61) -> 13 | H64: =COUNT(H28:H32,H34:H38,H40:H42,H44:H44,H46:H46,H48:H57,H59:H61) -> 12 | I64: =COUNT(I28:I32,I34:I38,I40:I42,I44:I44,I46:I46,I48:I57,I59:I61) -> 12 | J64: =COUNT(J28:J32,J34:J38,J40:J42,J44:J44,J46:J46,J48:J57,J59:J61) -> 12 | K64: =COUNT(K28:K32,K34:K38,K40:K42,K44:K44,K46:K46,K48:K57,K59:K61) -> 8 | L64: =COUNT(L28:L32,L34:L38,L40:L42,L44:L44,L46:L46,L48:L57,L59:L61) -> 8 | ... R64: =COUNT(R28:R32,R34:R38,R40:R42,R44:R44,R46:R46,R48:R57,R59:R61) -> 7
C65: Staff at 5:30pm | E65: =COUNT(E34:E38,E40:E42,E44:E44,E46:E46,E48:E57,E59:E61,#REF!) -> 7 | F65: =COUNT(F34:F38,F40:F42,F44:F44,F46:F46,F48:F57,F59:F61,#REF!) -> 10 | G65: =COUNT(G34:G38,G40:G42,G44:G44,G46:G46,G48:G57,G59:G61,#REF!) -> 12 | H65: =COUNT(H34:H38,H40:H42,H44:H44,H46:H46,H48:H57,H59:H61,#REF!) -> 10 | I65: =COUNT(I34:I38,I40:I42,I44:I44,I46:I46,I48:I57,I59:I61,#REF!) -> 10 | J65: =COUNT(J34:J38,J40:J42,J44:J44,J46:J46,J48:J57,J59:J61,#REF!) -> 12 | K65: =COUNT(K34:K38,K40:K42,K44:K44,K46:K46,K48:K57,K59:K61,#REF!) -> 7 | L65: =COUNT(L34:L38,L40:L42,L44:L44,L46:L46,L48:L57,L59:L61,#REF!) -> 7 | ... R65: =COUNT(R34:R38,R40:R42,R44:R44,R46:R46,R48:R57,R59:R61,#REF!) -> 6
C66: Staff at 6:30pm | E66: =COUNT(E40:E42,E44:E44,E46:E46,E48:E57,E59:E61,#REF!) -> 6 | F66: =COUNT(F40:F42,F44:F44,F46:F46,F48:F57,F59:F61,#REF!) -> 8 | G66: =COUNT(G40:G42,G44:G44,G46:G46,G48:G57,G59:G61,#REF!) -> 8 | H66: =COUNT(H40:H42,H44:H44,H46:H46,H48:H57,H59:H61,#REF!) -> 8 | I66: =COUNT(I40:I42,I44:I44,I46:I46,I48:I57,I59:I61,#REF!) -> 9 | J66: =COUNT(J40:J42,J44:J44,J46:J46,J48:J57,J59:J61,#REF!) -> 8 | K66: =COUNT(K40:K42,K44:K44,K46:K46,K48:K57,K59:K61,#REF!) -> 6 | L66: =COUNT(L40:L42,L44:L44,L46:L46,L48:L57,L59:L61,#REF!) -> 6 | ... R66: =COUNT(R40:R42,R44:R44,R46:R46,R48:R57,R59:R61,#REF!) -> 5
C67: Staff at 7:30pm | E67: =COUNT(#REF!,E44:E44,E46:E46,E48:E57,E59:E61,#REF!) -> 4 | F67: =COUNT(#REF!,F44:F44,F46:F46,F48:F57,F59:F61,#REF!) -> 7 | G67: =COUNT(#REF!,G44:G44,G46:G46,G48:G57,G59:G61,#REF!) -> 7 | H67: =COUNT(#REF!,H44:H44,H46:H46,H48:H57,H59:H61,#REF!) -> 7 | I67: =COUNT(#REF!,I44:I44,I46:I46,I48:I57,I59:I61,#REF!) -> 7 | J67: =COUNT(#REF!,J44:J44,J46:J46,J48:J57,J59:J61,#REF!) -> 7 | K67: =COUNT(#REF!,K44:K44,K46:K46,K48:K57,K59:K61,#REF!) -> 5 | L67: =COUNT(#REF!,L44:L44,L46:L46,L48:L57,L59:L61,#REF!) -> 5 | ... R67: =COUNT(#REF!,R44:R44,R46:R46,R48:R57,R59:R61,#REF!) -> 3
C68: Staff at 8:30pm | E68: =COUNT(#REF!,E46:E46,E48:E57,E59:E61,#REF!) -> 4 | F68: =COUNT(#REF!,F46:F46,F48:F57,F59:F61,#REF!) -> 6 | G68: =COUNT(#REF!,G46:G46,G48:G57,G59:G61,#REF!) -> 6 | H68: =COUNT(#REF!,H46:H46,H48:H57,H59:H61,#REF!) -> 6 | I68: =COUNT(#REF!,I46:I46,I48:I57,I59:I61,#REF!) -> 7 | J68: =COUNT(#REF!,J46:J46,J48:J57,J59:J61,#REF!) -> 6 | K68: =COUNT(#REF!,K46:K46,K48:K57,K59:K61,#REF!) -> 4 | L68: =COUNT(#REF!,L46:L46,L48:L57,L59:L61,#REF!) -> 4 | ... R68: =COUNT(#REF!,R46:R46,R48:R57,R59:R61,#REF!) -> 3
C69: Staff by 9:30pm | E69: =COUNT(#REF!,#REF!,E48:E57,E59:E61,#REF!) -> 4 | F69: =COUNT(#REF!,#REF!,F48:F57,F59:F61,#REF!) -> 5 | G69: =COUNT(#REF!,#REF!,G48:G57,G59:G61,#REF!) -> 5 | H69: =COUNT(#REF!,#REF!,H48:H57,H59:H61,#REF!) -> 5 | I69: =COUNT(#REF!,#REF!,I48:I57,I59:I61,#REF!) -> 6 | J69: =COUNT(#REF!,#REF!,J48:J57,J59:J61,#REF!) -> 6 | K69: =COUNT(#REF!,#REF!,K48:K57,K59:K61,#REF!) -> 3 | L69: =COUNT(#REF!,#REF!,L48:L57,L59:L61,#REF!) -> 3 | ... R69: =COUNT(#REF!,#REF!,R48:R57,R59:R61,#REF!) -> 3
C70: Staff at 10:00pm | E70: =COUNT(#REF!) -> 0 | F70: =COUNT(#REF!) -> 0 | G70: =COUNT(#REF!) -> 0 | H70: =COUNT(#REF!) -> 0 | I70: =COUNT(#REF!) -> 0 | J70: =COUNT(#REF!) -> 0 | K70: =COUNT(#REF!) -> 0 | L70: =COUNT(#REF!) -> 0 | ... R70: =COUNT(#REF!) -> 0
A71: Zones
A72: Equipment | B72: 8:00am-11:00am | C72: Marcelette Jones | D72: =SUM(E72:K72,L72:R72)/2 -> 19 | F72: 7.5 | G72: 7.5 | H72: 4 | M72: 7.5 | N72: 7.5 | O72: 4
A73: ER | B73: 12:00pm-10:00pm | C73: Angela Doering | D73: =SUM(E73:K73,L73:R73)/2 -> 38 | F73: 9.5 | G73: 9.5 | H73: 9.5 | I73: 9.5 | M73: 9.5 | N73: 9.5 | O73: 9.5 | P73: 9.5
A74: ER | B74: 12:00pm-10:00pm | C74: Mark Huckle | D74: =SUM(E74:K74,L74:R74)/2 -> 38 | E74: 9.5 | F74: 9.5 | J74: 9.5 | K74: 9.5 | L74: 9.5 | M74: 9.5 | Q74: 9.5 | R74: 9.5
B75: Scheduled Elsewere | C75: (ED Transporter 1)
B76: COMP DATE (Tentative) | C76: (ED Transporter 2)
E77: =SUM(E7:E16,E18:E24,E26:E26,E28:E32,E34:E38,E40:E42,E44:E44,E46:E46,E48:E57,E59:E61,E72:E76) -> 102.5 | F77: =SUM(F7:F16,F18:F24,F26:F26,F28:F32,F34:F38,F40:F42,F44:F44,F46:F46,F48:F57,F59:F61,F72:F76) -> 177 | G77: =SUM(G7:G16,G18:G24,G26:G26,G28:G32,G34:G38,G40:G42,G44:G44,G46:G46,G48:G57,G59:G61,G72:G76) -> 170 | H77: =SUM(H7:H16,H18:H24,H26:H26,H28:H32,H34:H38,H40:H42,H44:H44,H46:H46,H48:H57,H59:H61,H72:H76) -> 164.5 | I77: =SUM(I7:I16,I18:I24,I26:I26,I28:I32,I34:I38,I40:I42,I44:I44,I46:I46,I48:I57,I59:I61,I72:I76) -> 162 | J77: =SUM(J7:J16,J18:J24,J26:J26,J28:J32,J34:J38,J40:J42,J44:J44,J46:J46,J48:J57,J59:J61,J72:J76) -> 165 | K77: =SUM(K7:K16,K18:K24,K26:K26,K28:K32,K34:K38,K40:K42,K44:K44,K46:K46,K48:K57,K59:K61,K72:K76) -> 129.5 | L77: =SUM(L7:L16,L18:L24,L26:L26,L28:L32,L34:L38,L40:L42,L44:L44,L46:L46,L48:L57,L59:L61,L72:L76) -> 118.5 | ... R77: =SUM(R7:R16,R18:R24,R26:R26,R28:R32,R34:R38,R40:R42,R44:R44,R46:R46,R48:R57,R59:R61,R72:R76) -> 121.5
E78: =E77/8 -> 12.8125 | F78: =F77/8 -> 22.125 | G78: =G77/8 -> 21.25 | H78: =H77/8 -> 20.5625 | I78: =I77/8 -> 20.25 | J78: =J77/8 -> 20.625 | K78: =K77/8 -> 16.1875 | L78: =L77/8 -> 14.8125 | ... R78: =R77/8 -> 15.1875
D79: WEEK 1 | F79: HOURS | H79: THRESHOLD FTEs: | J79: HOURS | L79: WEEK 2 | M79: FTEs: | N79: HOURS | P79: THRESHOLD FTEs: | R79: HOURS
D80: Budgeted: | E80: 27.5 | F80: =E80* 40 & "hrs" -> 1100hrs | H80: Min: | I80: 25.93 | J80: 1037.2hrs | L80: Budgeted: | M80: 27.5 | N80: =M80* 40 & "hrs" -> 1100hrs | P80: Min: | Q80: 25.93 | R80: 1037.2hrs
D81: Actual: | E81: =SUM(E77:K77)/40 -> 26.7625 | F81: =E81* 40 & "hrs" -> 1070.5hrs | H81: FTEs: | I81: =SUM(E77:K77)/40 -> 26.7625 | J81: =I81*40 & "hrs" -> 1070.5hrs | L81: Actual: | M81: =SUM(L77:R77)/40 -> 27.7 | N81: =M81* 40 & "hrs" -> 1108hrs | P81: FTEs: | Q81: =SUM(L77:R77)/40 -> 27.7 | R81: =Q81*40 & "hrs" -> 1108hrs
D82: Training: | E82: =COUNTIFS(E7:K78, "T")*8/40 -> 1 | F82: =E82* 40 & "hrs" -> 40hrs | H82: Max: | I82: 29.07 | J82: 1162.8hrs | L82: Training: | M82: =COUNTIFS(L7:R78, "T")*8/40 -> 0.6 | N82: =M82* 40 & "hrs" -> 24hrs | P82: Max: | Q82: 29.07 | R82: 1162.8hrs
I84: 27.5

Sheet 7.12-7.25
A1: Patient Transportation
A2: Texas Health Dallas
E4: Week 1 | L4: Week 2 | T4: Time | U4: # of Staff
E5: 46215 | F5: 46216 | G5: 46217 | H5: 46218 | I5: 46219 | J5: 46220 | K5: 46221 | L5: 46222 | M5: 46223 | N5: 46224 | O5: 46225 | P5: 46226 | Q5: 46227 | R5: 46228 | T5: 0.25 | U5: =ROUNDDOWN(AVERAGE(E17:R17),0) -> 3
A6: Duty | B6: Shift | C6: Name | D6: Hrs | E6: S | F6: M | G6: T | H6: W | I6: T | J6: F | K6: S | L6: S | M6: M | N6: T | O6: W | P6: T | Q6: F | R6: S | T6: 0.29166667 | U6: =ROUNDDOWN(AVERAGE(E25:R25),0) -> 6
A7: Pool | B7: 6:00am-1:30pm | C7: Kojo Boakye | D7: =SUM(E7:K7,L7:R7)/2 -> 35 | F7: 7 | G7: 7 | H7: 7 | I7: 7 | J7: 7 | M7: 7 | N7: 7 | O7: 7 | P7: 7 | Q7: 7 | T7: 0.33333333 | U7: =ROUNDDOWN(AVERAGE(E27:R27),0) -> 8
A8: Pool | B8: 6:00am-2:30pm | C8: Eddy Toledo | D8: =SUM(E8:K8,L8:R8)/2 -> 40 | F8: 8 | G8: 8 | H8: 8 | J8: 8 | K8: 8 | L8: 8 | M8: 8 | N8: 8 | P8: 8 | Q8: 8 | T8: 0.375 | U8: =ROUNDDOWN(AVERAGE(E32:R32),0) -> 9
A9: Pool | B9: 6:00am-2:30pm | C9: Almaz Kidane | D9: =SUM(E9:K9,L9:R9)/2 -> 40 | F9: 8 | G9: 8 | H9: 8 | I9: 8 | J9: 8 | M9: 8 | N9: 8 | O9: 8 | P9: 8 | Q9: 8 | T9: 0.41666667 | U9: =ROUNDDOWN(AVERAGE(E38:R38),0) -> 10
A10: Pool | B10: 6:00am-2:30pm | C10: Marco Mendez | D10: =SUM(E10:K10,L10:R10)/2 -> 8 | E10: 8 | F10: 8 | G10: V | I10: V | J10: V | M10: V | N10: V | O10: V | Q10: V | R10: V | T10: 0.45833333 | U10: =ROUNDDOWN(AVERAGE(E43:R43),0) -> 12
A11: Pool | B11: 6:00am-2:30pm | C11: Daniele Macena Cardoso dos Santos | D11: =SUM(E11:K11,L11:R11)/2 -> 32 | E11: 8 | H11: 8 | I11: 8 | K11: 8 | L11: 8 | O11: 8 | P11: 8 | R11: 8 | T11: 0.5 | U11: =ROUNDDOWN(AVERAGE(E45:R45),0) -> 12
A12: Pool | B12: 6:00am-2:30pm | C12: Adhika Tahija | D12: =SUM(E12:K12,L12:R12)/2 -> 8 | E12: 8 | R12: 8 | T12: 0.54166667 | U12: =ROUNDDOWN(AVERAGE(E47:R47),0) -> 13
A13: Pool | B13: 6:00am-2:30pm | C13: Cecilia Ortiz | D13: =SUM(E13:K13,L13:R13)/2 -> 8 | K13: 8 | L13: 8 | T13: 0.58333333 | U13: =ROUNDDOWN(AVERAGE(E58:R58),0) -> 16
A14: Pool | B14: 6:00am-2:30pm | C14: Mildred Alvarado | D14: =SUM(E14:K14,L14:R14)/2 -> 8 | K14: 8 | L14: 8 | T14: 0.625 | U14: =ROUNDDOWN(AVERAGE(E62:R62),0) -> 13
A15: Pool | B15: 6:00am-2:30pm | C15: Emanuel Aleman | D15: =SUM(E15:K15,L15:R15)/2 -> 8 | E15: 8 | R15: 8 | T15: 0.66666667 | U15: =ROUNDDOWN(AVERAGE(E63:R63),0) -> 10
A16: Pool | B16: 6:00am-2:30pm | C16: Almaz Kelati | D16: =SUM(E16:K16,L16:R16)/2 -> 8 | K16: 8 | R16: 8 | T16: 0.70833333 | U16: =ROUNDDOWN(AVERAGE(E64:R64),0) -> 10
C17: Staff by 6am | E17: =COUNT(E7:E16) -> 4 | F17: =COUNT(F7:F16) -> 4 | G17: =COUNT(G7:G16) -> 3 | H17: =COUNT(H7:H16) -> 4 | I17: =COUNT(I7:I16) -> 3 | J17: =COUNT(J7:J16) -> 3 | K17: =COUNT(K7:K16) -> 5 | L17: =COUNT(L7:L16) -> 4 | ... R17: =COUNT(R7:R16) -> 4 | T17: 0.75 | U17: =ROUNDDOWN(AVERAGE(E65:R65),0) -> 9
A18: Pool | B18: 7:00am-3:30pm | C18: Chase Pope | D18: =SUM(E18:K18,L18:R18)/2 -> 40 | F18: 8 | H18: 8 | I18: 8 | J18: 8 | K18: 8 | L18: 8 | N18: 8 | O18: 8 | P18: 8 | Q18: 8 | T18: 0.79166667 | U18: =ROUNDDOWN(AVERAGE(E66:R66),0) -> 7
A19: Pool | B19: 7:00am-3:30pm | C19: Cecilia Ortiz | D19: =SUM(E19:K19,L19:R19)/2 -> 32 | F19: 8 | G19: 8 | H19: 8 | I19: 8 | M19: 8 | N19: 8 | O19: 8 | Q19: 8 | T19: 0.83333333 | U19: =ROUNDDOWN(AVERAGE(E67:R67),0) -> 6
A20: Pool | B20: 7:00am-3:30pm | C20: Raquel Cardoso | D20: =SUM(E20:K20,L20:R20)/2 -> 8 | K20: 8 | R20: 8 | T20: 0.875 | U20: =ROUNDDOWN(AVERAGE(E68:R68),0) -> 5
A21: Pool | B21: 7:00am-3:30pm | C21: Mildred Alvarado | D21: =SUM(E21:K21,L21:R21)/2 -> 32 | F21: 8 | G21: 8 | I21: 8 | J21: 8 | N21: 8 | O21: 8 | P21: 8 | Q21: 8 | T21: 0.91666667 | U21: =ROUNDDOWN(AVERAGE('Master as of 2.17.25'!E61:R61), 0) -> 4
A22: Pool | B22: 7:00am-3:30pm | C22: Demetrius White | D22: =SUM(E22:K22,L22:R22)/2 -> 36 | E22: 8 | F22: 8 | H22: 8 | I22: 8 | J22: 8 | M22: 8 | N22: 8 | O22: 8 | Q22: 8 | R22: V
A23: Pool | B23: 7:00am-3:30pm | C23: Ruth Brown | D23: =SUM(E23:K23,L23:R23)/2 -> 40 | F23: 8 | G23: 8 | H23: 8 | I23: 8 | J23: 8 | M23: 8 | N23: 8 | O23: 8 | P23: 8 | Q23: 8
A24: Pool | B24: 7:30am-12:30pm | C24: Jackie Wilson | D24: =SUM(E24:K24,L24:R24)/2 -> 17.5 | E24: 5 | G24: 5 | H24: 5 | L24: 5 | M24: 5 | N24: 5 | P24: 5
C25: Staff by 7am | E25: =COUNT(E7:E16,E18:E23) -> 5 | F25: =COUNT(F7:F16,F18:F23) -> 9 | G25: =COUNT(G7:G16,G18:G23) -> 6 | H25: =COUNT(H7:H16,H18:H23) -> 8 | I25: =COUNT(I7:I16,I18:I23) -> 8 | J25: =COUNT(J7:J16,J18:J23) -> 7 | K25: =COUNT(K7:K16,K18:K23) -> 7 | L25: =COUNT(L7:L16,L18:L23) -> 5 | ... R25: =COUNT(R7:R16,R18:R23) -> 5
A26: Pool | B26: 8:00am-4:30pm | C26: Joseph Delgado | D26: =SUM(E26:K26,L26:R26)/2 -> 32 | F26: 8 | G26: 8 | J26: 8 | K26: 8 | L26: 8 | M26: 8 | P26: 8 | Q26: 8
C27: Staff by 8am | E27: =COUNT(E7:E16,E18:E24,E26:E26) -> 6 | F27: =COUNT(F7:F16,F18:F24,F26:F26) -> 10 | G27: =COUNT(G7:G16,G18:G24,G26:G26) -> 8 | H27: =COUNT(H7:H16,H18:H24,H26:H26) -> 9 | I27: =COUNT(I7:I16,I18:I24,I26:I26) -> 8 | J27: =COUNT(J7:J16,J18:J24,J26:J26) -> 8 | K27: =COUNT(K7:K16,K18:K24,K26:K26) -> 8 | L27: =COUNT(L7:L16,L18:L24,L26:L26) -> 7 | ... R27: =COUNT(R7:R16,R18:R24,R26:R26) -> 5
A28: Pool | B28: 9:00am-5:30pm | C28: Joshua Thompson | D28: =SUM(E28:K28,L28:R28)/2 -> 32 | F28: 8 | G28: 8 | H28: 8 | I28: 8 | M28: 8 | O28: 8 | P28: 8 | Q28: 8
A29: Pool | B29: 9:00am-5:30pm | C29: Adhika Tahija | D29: =SUM(E29:K29,L29:R29)/2 -> 8 | F29: 8 | M29: 8
A30: Pool | B30: 9:00am-5:30pm | C30: Raquel Cardoso | D30: =SUM(E30:K30,L30:R30)/2 -> 8 | I30: 8 | P30: 8
A31: Pool | B31: 9:00am-5:30pm | C31: Gilberto Santos | D31: =SUM(E31:K31,L31:R31)/2 -> 12 | E31: 8 | K31: 8 | L31: V | R31: 8
C32: Staff by 9am | E32: =COUNT(E7:E16,E18:E24,E26:E26,E28:E31) -> 7 | F32: =COUNT(F7:F16,F18:F24,F26:F26,F28:F31) -> 12 | G32: =COUNT(G7:G16,G18:G24,G26:G26,G28:G31) -> 9 | H32: =COUNT(H7:H16,H18:H24,H26:H26,H28:H31) -> 10 | I32: =COUNT(I7:I16,I18:I24,I26:I26,I28:I31) -> 10 | J32: =COUNT(J7:J16,J18:J24,J26:J26,J28:J31) -> 8 | K32: =COUNT(K7:K16,K18:K24,K26:K26,K28:K31) -> 9 | L32: =COUNT(L7:L16,L18:L24,L26:L26,L28:L31) -> 7 | ... R32: =COUNT(R7:R16,R18:R24,R26:R26,R28:R31) -> 6
A33: Pool | B33: 10:00am-6:30pm | C33: Adhika Tahija | D33: =SUM(E33:K33,L33:R33)/2 -> 12 | G33: 8 | J33: 8 | O33: 8 | Q33: V
A34: Pool | B34: 10:00am-6:30pm | C34: Maxwell Miller | D34: =SUM(E34:K34,L34:R34)/2 -> 32 | F34: 8 | G34: 8 | H34: 8 | J34: 8 | M34: 8 | N34: 8 | O34: 8 | Q34: 8
A35: Pool | B35: 10:00am-6:30pm | C35: Joshua Thompson | D35: =SUM(E35:K35,L35:R35)/2 -> 8 | K35: 8 | L35: 8
A36: Pool | B36: 10:00am-6:30pm | C36: Alexa Ledezma | D36: =SUM(E36:K36,L36:R36)/2 -> 40 | E36: 8 | G36: 8 | H36: 8 | I36: 8 | J36: 8 | M36: 8 | N36: 8 | O36: 8 | P36: 8 | R36: 8
A37: Train | B37: 10:00am-6:30pm | C37: Aaron Hoglund | D37: =SUM(E37:K37,L37:R37)/2 -> 0 | E37: T | F37: T | G37: T | J37: T | M37: T | O37: T | Q37: COMP
C38: Staff by 10am | E38: =COUNT(E7:E16,E18:E24,E26:E26,E28:E31,E33:E37) -> 8 | F38: =COUNT(F7:F16,F18:F24,F26:F26,F28:F31,F33:F37) -> 13 | G38: =COUNT(G7:G16,G18:G24,G26:G26,G28:G31,G33:G37) -> 12 | H38: =COUNT(H7:H16,H18:H24,H26:H26,H28:H31,H33:H37) -> 12 | I38: =COUNT(I7:I16,I18:I24,I26:I26,I28:I31,I33:I37) -> 11 | J38: =COUNT(J7:J16,J18:J24,J26:J26,J28:J31,J33:J37) -> 11 | K38: =COUNT(K7:K16,K18:K24,K26:K26,K28:K31,K33:K37) -> 10 | L38: =COUNT(L7:L16,L18:L24,L26:L26,L28:L31,L33:L37) -> 8 | ... R38: =COUNT(R7:R16,R18:R24,R26:R26,R28:R31,R33:R37) -> 7
A39: Pool | B39: 11:00am-7:30pm | C39: Emanuel Aleman | D39: =SUM(E39:K39,L39:R39)/2 -> 32 | F39: 8 | H39: 8 | I39: 8 | J39: 8 | M39: 8 | N39: 8 | P39: 8 | Q39: 8
A40: Pool | B40: 11:00am-7:30pm | C40: Maxwell Miller | D40: =SUM(E40:K40,L40:R40)/2 -> 4 | K40: 8 | L40: V
A41: Train | B41: 11:00am-7:30pm | C41: Hayven Garrett | D41: =SUM(E41:K41,L41:R41)/2 -> 20 | F41: T | G41: T | H41: T | J41: COMP | N41: 8 | O41: 8 | P41: 8 | Q41: 8 | R41: 8
A42: Pool | B42: 11:00am-7:30pm | C42: Juan Molina | D42: =SUM(E42:K42,L42:R42)/2 -> 24 | E42: 8 | H42: 8 | I42: 8 | O42: 8 | P42: 8 | R42: 8
C43: Staff by 11am | E43: =COUNT(E7:E16,E18:E24,E26:E26,E28:E31,E33:E37,E39:E42) -> 9 | F43: =COUNT(F7:F16,F18:F24,F26:F26,F28:F31,F33:F37,F39:F42) -> 14 | G43: =COUNT(G7:G16,G18:G24,G26:G26,G28:G31,G33:G37,G39:G42) -> 12 | H43: =COUNT(H7:H16,H18:H24,H26:H26,H28:H31,H33:H37,H39:H42) -> 14 | I43: =COUNT(I7:I16,I18:I24,I26:I26,I28:I31,I33:I37,I39:I42) -> 13 | J43: =COUNT(J7:J16,J18:J24,J26:J26,J28:J31,J33:J37,J39:J42) -> 12 | K43: =COUNT(K7:K16,K18:K24,K26:K26,K28:K31,K33:K37,K39:K42) -> 11 | L43: =COUNT(L7:L16,L18:L24,L26:L26,L28:L31,L33:L37,L39:L42) -> 8 | ... R43: =COUNT(R7:R16,R18:R24,R26:R26,R28:R31,R33:R37,R39:R42) -> 9
A44: Pool | B44: 12:00pm-8:30pm | C44: Blair Alexander | D44: =SUM(E44:K44,L44:R44)/2 -> 40 | F44: 8 | G44: 8 | H44: 8 | J44: 8 | K44: 8 | L44: 8 | N44: 8 | O44: 8 | P44: 8 | Q44: 8
C45: Staff by 12pm | E45: =COUNT(E7:E16,E18:E24,E26:E26,E28:E31,E33:E37,E39:E42,E44:E44) -> 9 | F45: =COUNT(F7:F16,F18:F24,F26:F26,F28:F31,F33:F37,F39:F42,F44:F44) -> 15 | G45: =COUNT(G7:G16,G18:G24,G26:G26,G28:G31,G33:G37,G39:G42,G44:G44) -> 13 | H45: =COUNT(H7:H16,H18:H24,H26:H26,H28:H31,H33:H37,H39:H42,H44:H44) -> 15 | I45: =COUNT(I7:I16,I18:I24,I26:I26,I28:I31,I33:I37,I39:I42,I44:I44) -> 13 | J45: =COUNT(J7:J16,J18:J24,J26:J26,J28:J31,J33:J37,J39:J42,J44:J44) -> 13 | K45: =COUNT(K7:K16,K18:K24,K26:K26,K28:K31,K33:K37,K39:K42,K44:K44) -> 12 | L45: =COUNT(L7:L16,L18:L24,L26:L26,L28:L31,L33:L37,L39:L42,L44:L44) -> 9 | ... R45: =COUNT(R7:R16,R18:R24,R26:R26,R28:R31,R33:R37,R39:R42,R44:R44) -> 9
A46: Pool | B46: 1:00pm-9:30pm | C46: Montell Taylor | D46: =SUM(E46:K46,L46:R46)/2 -> 40 | F46: 8 | G46: 8 | H46: 8 | I46: 8 | K46: 8 | L46: 8 | M46: 8 | N46: 8 | O46: 8 | Q46: 8
C47: Staff by 1pm | E47: =COUNT(E7:E16,E18:E23,E26:E26,E28:E31,E33:E37,E39:E42,E44:E44,E46:E46) -> 8 | F47: =COUNT(F7:F16,F18:F23,F26:F26,F28:F31,F33:F37,F39:F42,F44:F44,F46:F46) -> 16 | G47: =COUNT(G7:G16,G18:G23,G26:G26,G28:G31,G33:G37,G39:G42,G44:G44,G46:G46) -> 13 | H47: =COUNT(H7:H16,H18:H23,H26:H26,H28:H31,H33:H37,H39:H42,H44:H44,H46:H46) -> 15 | I47: =COUNT(I7:I16,I18:I23,I26:I26,I28:I31,I33:I37,I39:I42,I44:I44,I46:I46) -> 14 | J47: =COUNT(J7:J16,J18:J23,J26:J26,J28:J31,J33:J37,J39:J42,J44:J44,J46:J46) -> 13 | K47: =COUNT(K7:K16,K18:K23,K26:K26,K28:K31,K33:K37,K39:K42,K44:K44,K46:K46) -> 13 | L47: =COUNT(L7:L16,L18:L23,L26:L26,L28:L31,L33:L37,L39:L42,L44:L44,L46:L46) -> 9 | ... R47: =COUNT(R7:R16,R18:R23,R26:R26,R28:R31,R33:R37,R39:R42,R44:R44,R46:R46) -> 9
A48: Pool | B48: 1:30pm-10:00pm | C48: Gibran Ramos | D48: =SUM(E48:K48,L48:R48)/2 -> 40 | F48: 8 | G48: 8 | H48: 8 | I48: 8 | K48: 8 | L48: 8 | N48: 8 | O48: 8 | P48: 8 | Q48: 8
A49: Pool | B49: 1:30pm-10:00pm | C49: Danish Adnan | D49: =SUM(E49:K49,L49:R49)/2 -> 24 | E49: 8 | F49: 8 | H49: 8 | M49: 8 | O49: 8 | R49: 8
A50: Train | B50: 1:30pm-10:00pm | C50: Alexander Zavala | D50: =SUM(E50:K50,L50:R50)/2 -> 0 | F50: T | G50: T | H50: T | J50: T | K50: T | L50: T | N50: T | O50: T | P50: T | Q50: COMP
A51: Off Ext | B51: 1:30pm-10:00pm | C51: James Jones | D51: =SUM(E51:K51,L51:R51)/2 -> 0
A52: Pool | B52: 1:30pm-10:00pm | C52: Caleb Price | D52: =SUM(E52:K52,L52:R52)/2 -> 36 | F52: 8 | G52: 8 | I52: 8 | J52: 8 | K52: 8 | L52: 8 | N52: 8 | O52: 8 | P52: 8 | Q52: V
A53: Pool | B53: 1:30pm-10:00pm | C53: Almaz Kelati | D53: =SUM(E53:K53,L53:R53)/2 -> 16 | F53: 8 | G53: 8 | M53: 8 | N53: 8
A54: Pool | B54: 1:30pm-10:00pm | C54: Xavier Rodriguez-Villanueva | D54: =SUM(E54:K54,L54:R54)/2 -> 8 | E54: 8 | R54: 8
A55: Pool | B55: 1:30pm-10:00pm | C55: Esmerelda Molina | D55: =SUM(E55:K55,L55:R55)/2 -> 16 | E55: 8 | J55: 8 | Q55: 8 | R55: 8
A56: Pool | B56: 1:30pm-10:00pm | C56: Eduardo "Alex" Lopez | D56: =SUM(E56:K56,L56:R56)/2 -> 40 | E56: 8 | G56: 8 | H56: 8 | I56: 8 | J56: 8 | M56: 8 | N56: 8 | P56: 8 | Q56: 8 | R56: 8
A57: Pool | B57: 2:00pm-10:00pm | C57: Sheila Bonilla | D57: =SUM(E57:K57,L57:R57)/2 -> 30.5 | E57: 8 | F57: 7.5 | I57: 7.5 | J57: 7.5 | M57: 7.5 | P57: 7.5 | Q57: 7.5 | R57: 8
C58: Staff by 2pm | E58: =COUNT(E8:E16,E18:E23,E26:E26,E28:E31,E33:E37,E39:E42,E44:E44,E46:E46,E48:E57) -> 13 | F58: =COUNT(F8:F16,F18:F23,F26:F26,F28:F31,F33:F37,F39:F42,F44:F44,F46:F46,F48:F57) -> 20 | G58: =COUNT(G8:G16,G18:G23,G26:G26,G28:G31,G33:G37,G39:G42,G44:G44,G46:G46,G48:G57) -> 16 | H58: =COUNT(H8:H16,H18:H23,H26:H26,H28:H31,H33:H37,H39:H42,H44:H44,H46:H46,H48:H57) -> 17 | I58: =COUNT(I8:I16,I18:I23,I26:I26,I28:I31,I33:I37,I39:I42,I44:I44,I46:I46,I48:I57) -> 17 | J58: =COUNT(J8:J16,J18:J23,J26:J26,J28:J31,J33:J37,J39:J42,J44:J44,J46:J46,J48:J57) -> 16 | K58: =COUNT(K8:K16,K18:K23,K26:K26,K28:K31,K33:K37,K39:K42,K44:K44,K46:K46,K48:K57) -> 15 | L58: =COUNT(L8:L16,L18:L23,L26:L26,L28:L31,L33:L37,L39:L42,L44:L44,L46:L46,L48:L57) -> 11 | ... R58: =COUNT(R8:R16,R18:R23,R26:R26,R28:R31,R33:R37,R39:R42,R44:R44,R46:R46,R48:R57) -> 14
A59: Pool | B59: 3:30pm-10:00pm | C59: Almaz Kelati | D59: =SUM(E59:K59,L59:R59)/2 -> 6 | H59: 6 | O59: 6
A60: Pool | B60: 4:30pm-10:00pm | C60: Esmerelda Molina | D60: =SUM(E60:K60,L60:R60)/2 -> 15 | G60: 5 | H60: 5 | I60: 5 | M60: 5 | N60: 5 | O60: 5
A61: Pool | B61: 4:30pm-10:00pm | C61: Almaz Kelati | D61: =SUM(E61:K61,L61:R61)/2 -> 10 | I61: 5 | J61: 5 | P61: 5 | Q61: 5
C62: Staff at 2:30pm | E62: =COUNT(E18:E23,E26:E26,E28:E31,E33:E37,E39:E42,E44:E44,E46:E46,E48:E57) -> 9 | F62: =COUNT(F18:F23,F26:F26,F28:F31,F33:F37,F39:F42,F44:F44,F46:F46,F48:F57) -> 17 | G62: =COUNT(G18:G23,G26:G26,G28:G31,G33:G37,G39:G42,G44:G44,G46:G46,G48:G57) -> 14 | H62: =COUNT(H18:H23,H26:H26,H28:H31,H33:H37,H39:H42,H44:H44,H46:H46,H48:H57) -> 14 | I62: =COUNT(I18:I23,I26:I26,I28:I31,I33:I37,I39:I42,I44:I44,I46:I46,I48:I57) -> 15 | J62: =COUNT(J18:J23,J26:J26,J28:J31,J33:J37,J39:J42,J44:J44,J46:J46,J48:J57) -> 14 | K62: =COUNT(K18:K23,K26:K26,K28:K31,K33:K37,K39:K42,K44:K44,K46:K46,K48:K57) -> 10 | L62: =COUNT(L18:L23,L26:L26,L28:L31,L33:L37,L39:L42,L44:L44,L46:L46,L48:L57) -> 7 | ... R62: =COUNT(R18:R23,R26:R26,R28:R31,R33:R37,R39:R42,R44:R44,R46:R46,R48:R57) -> 10
C63: Staff at 3:30pm | E63: =COUNT(E26:E26,E28:E31,E33:E37,E39:E42,E44:E44,E46:E46,E48:E57,E59:E59) -> 8 | F63: =COUNT(F26:F26,F28:F31,F33:F37,F39:F42,F44:F44,F46:F46,F48:F57,F59:F59) -> 12 | G63: =COUNT(G26:G26,G28:G31,G33:G37,G39:G42,G44:G44,G46:G46,G48:G57,G59:G59) -> 11 | H63: =COUNT(H26:H26,H28:H31,H33:H37,H39:H42,H44:H44,H46:H46,H48:H57,H59:H59) -> 11 | I63: =COUNT(I26:I26,I28:I31,I33:I37,I39:I42,I44:I44,I46:I46,I48:I57,I59:I59) -> 10 | J63: =COUNT(J26:J26,J28:J31,J33:J37,J39:J42,J44:J44,J46:J46,J48:J57,J59:J59) -> 10 | K63: =COUNT(K26:K26,K28:K31,K33:K37,K39:K42,K44:K44,K46:K46,K48:K57,K59:K59) -> 8 | L63: =COUNT(L26:L26,L28:L31,L33:L37,L39:L42,L44:L44,L46:L46,L48:L57,L59:L59) -> 6 | ... R63: =COUNT(R26:R26,R28:R31,R33:R37,R39:R42,R44:R44,R46:R46,R48:R57,R59:R59) -> 9
C64: Staff at 4:30pm | E64: =COUNT(E28:E31,E33:E37,E39:E42,E44:E44,E46:E46,E48:E57,E59:E61) -> 8 | F64: =COUNT(F28:F31,F33:F37,F39:F42,F44:F44,F46:F46,F48:F57,F59:F61) -> 11 | G64: =COUNT(G28:G31,G33:G37,G39:G42,G44:G44,G46:G46,G48:G57,G59:G61) -> 11 | H64: =COUNT(H28:H31,H33:H37,H39:H42,H44:H44,H46:H46,H48:H57,H59:H61) -> 12 | I64: =COUNT(I28:I31,I33:I37,I39:I42,I44:I44,I46:I46,I48:I57,I59:I61) -> 12 | J64: =COUNT(J28:J31,J33:J37,J39:J42,J44:J44,J46:J46,J48:J57,J59:J61) -> 10 | K64: =COUNT(K28:K31,K33:K37,K39:K42,K44:K44,K46:K46,K48:K57,K59:K61) -> 7 | L64: =COUNT(L28:L31,L33:L37,L39:L42,L44:L44,L46:L46,L48:L57,L59:L61) -> 5 | ... R64: =COUNT(R28:R31,R33:R37,R39:R42,R44:R44,R46:R46,R48:R57,R59:R61) -> 9
C65: Staff at 5:30pm | E65: =COUNT(E33:E37,E39:E42,E44:E44,E46:E46,E48:E57,E59:E61,#REF!) -> 7 | F65: =COUNT(F33:F37,F39:F42,F44:F44,F46:F46,F48:F57,F59:F61,#REF!) -> 9 | G65: =COUNT(G33:G37,G39:G42,G44:G44,G46:G46,G48:G57,G59:G61,#REF!) -> 10 | H65: =COUNT(H33:H37,H39:H42,H44:H44,H46:H46,H48:H57,H59:H61,#REF!) -> 11 | I65: =COUNT(I33:I37,I39:I42,I44:I44,I46:I46,I48:I57,I59:I61,#REF!) -> 10 | J65: =COUNT(J33:J37,J39:J42,J44:J44,J46:J46,J48:J57,J59:J61,#REF!) -> 10 | K65: =COUNT(K33:K37,K39:K42,K44:K44,K46:K46,K48:K57,K59:K61,#REF!) -> 6 | L65: =COUNT(L33:L37,L39:L42,L44:L44,L46:L46,L48:L57,L59:L61,#REF!) -> 5 | ... R65: =COUNT(R33:R37,R39:R42,R44:R44,R46:R46,R48:R57,R59:R61,#REF!) -> 8
C66: Staff at 6:30pm | E66: =COUNT(E39:E42,E44:E44,E46:E46,E48:E57,E59:E61,#REF!) -> 6 | F66: =COUNT(F39:F42,F44:F44,F46:F46,F48:F57,F59:F61,#REF!) -> 8 | G66: =COUNT(G39:G42,G44:G44,G46:G46,G48:G57,G59:G61,#REF!) -> 7 | H66: =COUNT(H39:H42,H44:H44,H46:H46,H48:H57,H59:H61,#REF!) -> 9 | I66: =COUNT(I39:I42,I44:I44,I46:I46,I48:I57,I59:I61,#REF!) -> 9 | J66: =COUNT(J39:J42,J44:J44,J46:J46,J48:J57,J59:J61,#REF!) -> 7 | K66: =COUNT(K39:K42,K44:K44,K46:K46,K48:K57,K59:K61,#REF!) -> 5 | L66: =COUNT(L39:L42,L44:L44,L46:L46,L48:L57,L59:L61,#REF!) -> 4 | ... R66: =COUNT(R39:R42,R44:R44,R46:R46,R48:R57,R59:R61,#REF!) -> 7
C67: Staff at 7:30pm | E67: =COUNT(#REF!,E44:E44,E46:E46,E48:E57,E59:E61,#REF!) -> 5 | F67: =COUNT(#REF!,F44:F44,F46:F46,F48:F57,F59:F61,#REF!) -> 7 | G67: =COUNT(#REF!,G44:G44,G46:G46,G48:G57,G59:G61,#REF!) -> 7 | H67: =COUNT(#REF!,H44:H44,H46:H46,H48:H57,H59:H61,#REF!) -> 7 | I67: =COUNT(#REF!,I44:I44,I46:I46,I48:I57,I59:I61,#REF!) -> 7 | J67: =COUNT(#REF!,J44:J44,J46:J46,J48:J57,J59:J61,#REF!) -> 6 | K67: =COUNT(#REF!,K44:K44,K46:K46,K48:K57,K59:K61,#REF!) -> 4 | L67: =COUNT(#REF!,L44:L44,L46:L46,L48:L57,L59:L61,#REF!) -> 4 | ... R67: =COUNT(#REF!,R44:R44,R46:R46,R48:R57,R59:R61,#REF!) -> 5
C68: Staff at 8:30pm | E68: =COUNT(#REF!,E46:E46,E48:E57,E59:E61,#REF!) -> 5 | F68: =COUNT(#REF!,F46:F46,F48:F57,F59:F61,#REF!) -> 6 | G68: =COUNT(#REF!,G46:G46,G48:G57,G59:G61,#REF!) -> 6 | H68: =COUNT(#REF!,H46:H46,H48:H57,H59:H61,#REF!) -> 6 | I68: =COUNT(#REF!,I46:I46,I48:I57,I59:I61,#REF!) -> 7 | J68: =COUNT(#REF!,J46:J46,J48:J57,J59:J61,#REF!) -> 5 | K68: =COUNT(#REF!,K46:K46,K48:K57,K59:K61,#REF!) -> 3 | L68: =COUNT(#REF!,L46:L46,L48:L57,L59:L61,#REF!) -> 3 | ... R68: =COUNT(#REF!,R46:R46,R48:R57,R59:R61,#REF!) -> 5
C69: Staff by 9:30pm | E69: =COUNT(#REF!,#REF!,E48:E57,E59:E61,#REF!) -> 5 | F69: =COUNT(#REF!,#REF!,F48:F57,F59:F61,#REF!) -> 5 | G69: =COUNT(#REF!,#REF!,G48:G57,G59:G61,#REF!) -> 5 | H69: =COUNT(#REF!,#REF!,H48:H57,H59:H61,#REF!) -> 5 | I69: =COUNT(#REF!,#REF!,I48:I57,I59:I61,#REF!) -> 6 | J69: =COUNT(#REF!,#REF!,J48:J57,J59:J61,#REF!) -> 5 | K69: =COUNT(#REF!,#REF!,K48:K57,K59:K61,#REF!) -> 2 | L69: =COUNT(#REF!,#REF!,L48:L57,L59:L61,#REF!) -> 2 | ... R69: =COUNT(#REF!,#REF!,R48:R57,R59:R61,#REF!) -> 5
C70: Staff at 10:00pm | E70: =COUNT(#REF!) -> 0 | F70: =COUNT(#REF!) -> 0 | G70: =COUNT(#REF!) -> 0 | H70: =COUNT(#REF!) -> 0 | I70: =COUNT(#REF!) -> 0 | J70: =COUNT(#REF!) -> 0 | K70: =COUNT(#REF!) -> 0 | L70: =COUNT(#REF!) -> 0 | ... R70: =COUNT(#REF!) -> 0
A71: Zones
A72: Equipment | B72: 8:00am-11:00am | C72: Marcelette Jones | D72: =SUM(E72:K72,L72:R72)/2 -> 19 | F72: 7.5 | G72: 7.5 | H72: 4 | M72: 7.5 | N72: 7.5 | O72: 4
A73: ER | B73: 12:00pm-10:00pm | C73: Angela Doering | D73: =SUM(E73:K73,L73:R73)/2 -> 38 | F73: 9.5 | G73: 9.5 | H73: 9.5 | I73: 9.5 | M73: 9.5 | N73: 9.5 | O73: 9.5 | P73: 9.5
A74: ER | B74: 12:00pm-10:00pm | C74: Mark Huckle | D74: =SUM(E74:K74,L74:R74)/2 -> 38 | E74: 9.5 | F74: 9.5 | J74: 9.5 | K74: 9.5 | L74: 9.5 | M74: 9.5 | Q74: 9.5 | R74: 9.5
B75: Scheduled Elsewere | C75: (ED Transporter 1)
B76: COMP DATE (Tentative) | C76: (ED Transporter 2)
E77: =SUM(E7:E16,E18:E24,E26:E26,E28:E31,E33:E37,E39:E42,E44:E44,E46:E46,E48:E57,E59:E61,E72:E76) -> 118.5 | F77: =SUM(F7:F16,F18:F24,F26:F26,F28:F31,F33:F37,F39:F42,F44:F44,F46:F46,F48:F57,F59:F61,F72:F76) -> 193 | G77: =SUM(G7:G16,G18:G24,G26:G26,G28:G31,G33:G37,G39:G42,G44:G44,G46:G46,G48:G57,G59:G61,G72:G76) -> 162 | H77: =SUM(H7:H16,H18:H24,H26:H26,H28:H31,H33:H37,H39:H42,H44:H44,H46:H46,H48:H57,H59:H61,H72:H76) -> 172.5 | I77: =SUM(I7:I16,I18:I24,I26:I26,I28:I31,I33:I37,I39:I42,I44:I44,I46:I46,I48:I57,I59:I61,I72:I76) -> 162 | J77: =SUM(J7:J16,J18:J24,J26:J26,J28:J31,J33:J37,J39:J42,J44:J44,J46:J46,J48:J57,J59:J61,J72:J76) -> 149 | K77: =SUM(K7:K16,K18:K24,K26:K26,K28:K31,K33:K37,K39:K42,K44:K44,K46:K46,K48:K57,K59:K61,K72:K76) -> 129.5 | L77: =SUM(L7:L16,L18:L24,L26:L26,L28:L31,L33:L37,L39:L42,L44:L44,L46:L46,L48:L57,L59:L61,L72:L76) -> 102.5 | ... R77: =SUM(R7:R16,R18:R24,R26:R26,R28:R31,R33:R37,R39:R42,R44:R44,R46:R46,R48:R57,R59:R61,R72:R76) -> 121.5
E78: =E77/8 -> 14.8125 | F78: =F77/8 -> 24.125 | G78: =G77/8 -> 20.25 | H78: =H77/8 -> 21.5625 | I78: =I77/8 -> 20.25 | J78: =J77/8 -> 18.625 | K78: =K77/8 -> 16.1875 | L78: =L77/8 -> 12.8125 | ... R78: =R77/8 -> 15.1875
D79: WEEK 1 | F79: HOURS | H79: THRESHOLD FTEs: | J79: HOURS | L79: WEEK 2 | M79: FTEs: | N79: HOURS | P79: THRESHOLD FTEs: | R79: HOURS
D80: Budgeted: | E80: 27.5 | F80: =E80* 40 & "hrs" -> 1100hrs | H80: Min: | I80: 25.93 | J80: 1037.2hrs | L80: Budgeted: | M80: 27.5 | N80: =M80* 40 & "hrs" -> 1100hrs | P80: Min: | Q80: 25.93 | R80: 1037.2hrs
D81: Actual: | E81: =SUM(E77:K77)/40 -> 27.1625 | F81: =E81* 40 & "hrs" -> 1086.5hrs | H81: FTEs: | I81: =SUM(E77:K77)/40 -> 27.1625 | J81: =I81*40 & "hrs" -> 1086.5hrs | L81: Actual: | M81: =SUM(L77:R77)/40 -> 26.8875 | N81: =M81* 40 & "hrs" -> 1075.5hrs | P81: FTEs: | Q81: =SUM(L77:R77)/40 -> 26.8875 | R81: =Q81*40 & "hrs" -> 1075.5hrs
D82: Training: | E82: =COUNTIFS(E7:K78, "T")*8/40 -> 2.4 | F82: =E82* 40 & "hrs" -> 96hrs | H82: Max: | I82: 29.07 | J82: 1162.8hrs | L82: Training: | M82: =COUNTIFS(L7:R78, "T")*8/40 -> 1.2 | N82: =M82* 40 & "hrs" -> 48hrs | P82: Max: | Q82: 29.07 | R82: 1162.8hrs
I84: 27.5

Sheet 6.28-7.11
A1: Patient Transportation
A2: Texas Health Dallas
E4: Week 1 | L4: Week 2 | T4: Time | U4: # of Staff
E5: 46201 | F5: 46202 | G5: 46203 | H5: 46204 | I5: 46205 | J5: 46206 | K5: HOL | L5: 46208 | M5: 46209 | N5: 46210 | O5: 46211 | P5: 46212 | Q5: 46213 | R5: 46214 | T5: 0.25 | U5: =ROUNDDOWN(AVERAGE(E16:R16),0) -> 3
A6: Duty | B6: Shift | C6: Name | D6: Hrs | E6: S | F6: M | G6: T | H6: W | I6: T | J6: F | K6: S | L6: S | M6: M | N6: T | O6: W | P6: T | Q6: F | R6: S | T6: 0.29166667 | U6: =ROUNDDOWN(AVERAGE(E24:R24),0) -> 7
A7: Pool | B7: 6:00am-1:30pm | C7: Kojo Boakye | D7: =SUM(E7:K7,L7:R7)/2 -> 31.5 | F7: 7 | G7: 7 | H7: 7 | I7: 7 | J7: Excused | M7: 7 | N7: 7 | O7: 7 | P7: 7 | Q7: 7 | T7: 0.33333333 | U7: =ROUNDDOWN(AVERAGE(E26:R26),0) -> 8
A8: Pool | B8: 6:00am-2:30pm | C8: Eddy Toledo | D8: =SUM(E8:K8,L8:R8)/2 -> 40 | F8: 8 | G8: 8 | H8: 8 | J8: 8 | K8: 8 | L8: 8 | M8: 8 | N8: 8 | P8: 8 | Q8: 8 | T8: 0.375 | U8: =ROUNDDOWN(AVERAGE(E31:R31),0) -> 9
A9: Pool | B9: 6:00am-2:30pm | C9: Almaz Kidane | D9: =SUM(E9:K9,L9:R9)/2 -> 40 | F9: 8 | G9: 8 | H9: 8 | I9: 8 | J9: 8 | M9: 8 | N9: 8 | O9: 8 | P9: 8 | Q9: 8 | T9: 0.41666667 | U9: =ROUNDDOWN(AVERAGE(E36:R36),0) -> 11
A10: Pool | B10: 6:00am-2:30pm | C10: Marco Mendez | D10: =SUM(E10:K10,L10:R10)/2 -> 40 | E10: 8 | F10: 8 | G10: 8 | J10: 8 | K10: 8 | M10: 8 | N10: 8 | O10: 8 | Q10: 8 | R10: 8 | T10: 0.45833333 | U10: =ROUNDDOWN(AVERAGE(E41:R41),0) -> 12
A11: Pool | B11: 6:00am-2:30pm | C11: Daniele Macena Cardoso dos Santos | D11: =SUM(E11:K11,L11:R11)/2 -> 32 | E11: 8 | H11: 8 | I11: 8 | K11: 8 | L11: 8 | O11: 8 | P11: 8 | R11: 8 | T11: 0.5 | U11: =ROUNDDOWN(AVERAGE(E43:R43),0) -> 13
A12: Pool | B12: 6:00am-2:30pm | C12: Adhika Tahija | D12: =SUM(E12:K12,L12:R12)/2 -> 8 | E12: 8 | R12: 8 | T12: 0.54166667 | U12: =ROUNDDOWN(AVERAGE(E45:R45),0) -> 13
A13: Pool | B13: 6:00am-2:30pm | C13: Cecilia Ortiz | D13: =SUM(E13:K13,L13:R13)/2 -> 8 | K13: 8 | L13: 8 | T13: 0.58333333 | U13: =ROUNDDOWN(AVERAGE(E53:R53),0) -> 16
A14: Pool | B14: 6:00am-2:30pm | C14: Mildred Alvarado | D14: =SUM(E14:K14,L14:R14)/2 -> 8 | K14: 8 | L14: 8 | T14: 0.625 | U14: =ROUNDDOWN(AVERAGE(E55:R55),0) -> 12
A15: Pool | B15: 6:00am-2:30pm | C15: Emanuel Aleman | D15: =SUM(E15:K15,L15:R15)/2 -> 8 | E15: 8 | R15: 8 | T15: 0.66666667 | U15: =ROUNDDOWN(AVERAGE(E56:R56),0) -> 9
C16: Staff by 6am | E16: =COUNT(E7:E15) -> 4 | F16: =COUNT(F7:F15) -> 4 | G16: =COUNT(G7:G15) -> 4 | H16: =COUNT(H7:H15) -> 4 | I16: =COUNT(I7:I15) -> 3 | J16: =COUNT(J7:J15) -> 3 | K16: =COUNT(K7:K15) -> 5 | L16: =COUNT(L7:L15) -> 4 | ... R16: =COUNT(R7:R15) -> 4 | T16: 0.70833333 | U16: =ROUNDDOWN(AVERAGE(E57:R57),0) -> 9
A17: Pool | B17: 7:00am-3:30pm | C17: Chase Pope | D17: =SUM(E17:K17,L17:R17)/2 -> 40 | F17: 8 | H17: 8 | I17: 8 | J17: 8 | K17: 8 | L17: 8 | N17: 8 | O17: 8 | P17: 8 | Q17: 8 | T17: 0.75 | U17: =ROUNDDOWN(AVERAGE(E58:R58),0) -> 8
A18: Pool | B18: 7:00am-3:30pm | C18: Cecilia Ortiz | D18: =SUM(E18:K18,L18:R18)/2 -> 32 | F18: 8 | G18: 8 | H18: 8 | I18: 8 | M18: 8 | N18: 8 | O18: 8 | Q18: 8 | T18: 0.79166667 | U18: =ROUNDDOWN(AVERAGE(E59:R59),0) -> 6
A19: Pool | B19: 7:00am-3:30pm | C19: Raquel Cardoso | D19: =SUM(E19:K19,L19:R19)/2 -> 8 | J19: 8 | K19: OFF | R19: 8 | T19: 0.83333333 | U19: =ROUNDDOWN(AVERAGE(E60:R60),0) -> 4
A20: Pool | B20: 7:00am-3:30pm | C20: Mildred Alvarado | D20: =SUM(E20:K20,L20:R20)/2 -> 32 | F20: 8 | G20: 8 | I20: 8 | J20: 8 | N20: 8 | O20: 8 | P20: 8 | Q20: 8 | T20: 0.875 | U20: =ROUNDDOWN(AVERAGE(E61:R61),0) -> 4
A21: Pool | B21: 7:00am-3:30pm | C21: Demetrius White | D21: =SUM(E21:K21,L21:R21)/2 -> 40 | E21: 8 | F21: 8 | H21: 8 | I21: 8 | J21: 8 | M21: 8 | N21: 8 | O21: 8 | Q21: 8 | R21: 8 | T21: 0.91666667 | U21: =ROUNDDOWN(AVERAGE('Master as of 2.17.25'!E61:R61), 0) -> 4
